quarter,catchment,catchment_waiting_total,catchment_treated_total,quarter_capacity,waitlist_total,waitlist_treated,catchment_pct_of_qld,catchment_mean,catchment_median,standard_deviation,median_absolute_deviation
2023-04-01,Cairns and Hinterland,8487,1340,14.47,119092,17231,7.13,32.82,14.9,31.50,0
2023-04-01,Metro North,12629,4473,14.47,119092,17231,10.60,14.42,2.1500000000000004,26.07,2.220446049250313e-16
2023-04-01,Mackay,6576,1059,14.47,119092,17231,5.52,28.68,23,20.73,0
2023-04-01,South West,835,356,14.47,119092,17231,0.70,24.33,24.299999999999997,17.48,-1.7763568394002505e-15
2023-04-01,Darling Downs,9308,1073,14.47,119092,17231,7.82,15.23,11.15,11.53,0
2023-04-01,Townsville,2977,305,14.47,119092,17231,2.50,5.88,5.1,5.39,0
2023-04-01,Central Queensland,8368,1401,14.47,119092,17231,7.03,15.62,14.45,4.82,-8.881784197001252e-16
2023-04-01,Gold Coast,9858,1155,14.47,119092,17231,8.28,12.08,11.85,4.32,0
2023-04-01,Wide Bay,10909,726,14.47,119092,17231,9.16,9.53,9.1,4.25,0
2023-04-01,North West,709,30,14.47,119092,17231,0.60,2.83,1.5,1.96,0
2023-04-01,Torres and Cape,940,131,14.47,119092,17231,0.79,12.00,12,1.50,0
2023-04-01,Metro South,26477,4168,14.47,119092,17231,22.23,13.78,13.3,1.41,0
2023-04-01,West Moreton,7276,386,14.47,119092,17231,6.11,5.14,4.9,1.35,0
2023-04-01,Sunshine Coast,12850,510,14.47,119092,17231,10.79,3.68,3.4,0.84,0
2023-04-01,Central West,893,118,14.47,119092,17231,0.75,11.70,11.7,0.00,0
2023-07-01,Cairns and Hinterland,8338,1189,12.45,119700,14907,6.97,37.21,14.1,38.75,0
2023-07-01,Sunshine Coast,11469,1514,12.45,119700,14907,9.58,26.20,11.55,33.02,0
2023-07-01,Mackay,6426,1128,12.45,119700,14907,5.37,34.14,27.6,19.88,0
2023-07-01,Metro North,13401,1751,12.45,119700,14907,11.20,9.73,1.35,13.76,1.1102230246251565e-16
2023-07-01,South West,798,288,12.45,119700,14907,0.67,21.12,21.4,12.66,0
2023-07-01,Townsville,3126,334,12.45,119700,14907,2.61,11.15,7.4,8.97,0
2023-07-01,Darling Downs,9194,1044,12.45,119700,14907,7.68,12.65,12.55,7.74,8.881784197001252e-16
2023-07-01,Wide Bay,10631,960,12.45,119700,14907,8.88,10.03,10,3.76,0
2023-07-01,West Moreton,7183,599,12.45,119700,14907,6.00,6.53,6.4,3.72,4.440892098500626e-16
2023-07-01,Gold Coast,8685,1505,12.45,119700,14907,7.26,16.05,14.8,3.29,8.881784197001252e-16
2023-07-01,North West,687,35,12.45,119700,14907,0.57,2.67,0.9,3.16,0
2023-07-01,Central Queensland,8093,1462,12.45,119700,14907,6.76,14.28,14.649999999999999,3.01,-8.881784197001252e-16
2023-07-01,Torres and Cape,1037,155,12.45,119700,14907,0.87,13.20,13.2,1.20,-8.881784197001252e-16
2023-07-01,Metro South,29987,2873,12.45,119700,14907,25.05,8.72,8.9,0.74,0
2023-07-01,Central West,645,70,12.45,119700,14907,0.54,9.80,9.8,0.00,0
2023-10-01,Cairns and Hinterland,8686,836,8.93,125064,11162,6.95,39.41,10.8,42.87,8.881784197001252e-16
2023-10-01,Metro North,14553,1649,8.93,125064,11162,11.64,21.80,1.8,34.11,0
2023-10-01,Sunshine Coast,11800,1325,8.93,125064,11162,9.44,25.08,10.3,33.51,8.881784197001252e-16
2023-10-01,Central Queensland,8397,1014,8.93,125064,11162,6.71,21.07,8.3,32.42,0
2023-10-01,South West,942,255,8.93,125064,11162,0.75,11.88,3.5,13.55,0
2023-10-01,Mackay,7187,455,8.93,125064,11162,5.75,11.72,4.6,11.98,0
2023-10-01,Gold Coast,8498,1003,8.93,125064,11162,6.79,12.18,12.6,8.40,0
2023-10-01,Darling Downs,9685,881,8.93,125064,11162,7.74,9.99,8.35,6.97,0
2023-10-01,Townsville,3082,507,8.93,125064,11162,2.46,10.42,12.05,5.97,0
2023-10-01,Wide Bay,11135,889,8.93,125064,11162,8.90,8.30,7,4.72,0
2023-10-01,North West,702,19,8.93,125064,11162,0.56,3.53,2.4,2.89,0
2023-10-01,Torres and Cape,1054,111,8.93,125064,11162,0.84,9.20,9.2,2.10,-8.881784197001252e-16
2023-10-01,Metro South,29850,2055,8.93,125064,11162,23.87,6.24,6.7,1.02,0
2023-10-01,West Moreton,8461,52,8.93,125064,11162,6.77,0.40,0.4,0.35,2.7755575615628914e-17
2023-10-01,Central West,1032,111,8.93,125064,11162,0.83,9.70,9.7,0.00,0
2024-01-01,Cairns and Hinterland,8538,1332,11.31,126987,14357,6.72,30.55,13.7,34.87,-8.881784197001252e-16
2024-01-01,Sunshine Coast,11828,1011,11.31,126987,14357,9.31,23.13,8.100000000000001,34.38,8.881784197001252e-16
2024-01-01,Metro North,14865,1821,11.31,126987,14357,11.71,22.04,2.3,34.03,0
2024-01-01,Townsville,3219,344,11.31,126987,14357,2.53,21.65,19.5,14.15,0
2024-01-01,South West,1039,280,11.31,126987,14357,0.82,11.97,13.1,11.50,0
2024-01-01,Gold Coast,8924,978,11.31,126987,14357,7.03,13.15,14.65,9.53,0
2024-01-01,Mackay,6877,1117,11.31,126987,14357,5.42,11.02,12,7.85,0
2024-01-01,Central Queensland,8319,1410,11.31,126987,14357,6.55,10.43,10.45,7.45,-8.881784197001252e-16
2024-01-01,Darling Downs,9276,1096,11.31,126987,14357,7.30,11.65,8,7.22,0
2024-01-01,Wide Bay,11174,1270,11.31,126987,14357,8.80,10.50,9.9,5.18,0
2024-01-01,Torres and Cape,1041,174,11.31,126987,14357,0.82,13.85,13.850000000000001,4.45,8.881784197001252e-16
2024-01-01,North West,585,66,11.31,126987,14357,0.46,8.40,8.4,4.00,0
2024-01-01,West Moreton,7983,494,11.31,126987,14357,6.29,5.15,5.65,2.47,4.440892098500626e-16
2024-01-01,Metro South,32274,2919,11.31,126987,14357,25.42,8.32,8.3,1.26,0
2024-01-01,Central West,1045,45,11.31,126987,14357,0.82,4.10,4.1,0.00,0
2024-04-01,Cairns and Hinterland,8619,1150,10.12,130940,13246,6.58,40.92,14.149999999999999,41.51,-8.881784197001252e-16
2024-04-01,Metro North,16156,2722,10.12,130940,13246,12.34,24.00,4.5,35.10,0
2024-04-01,Townsville,3405,352,10.12,130940,13246,2.60,24.83,12.75,21.52,0
2024-04-01,Mackay,6958,1010,10.12,130940,13246,5.31,24.30,19.8,17.42,0
2024-04-01,Gold Coast,9111,857,10.12,130940,13246,6.96,14.55,13.15,12.17,0
2024-04-01,North West,554,70,10.12,130940,13246,0.42,16.30,16.3,12.00,0
2024-04-01,South West,1058,262,10.12,130940,13246,0.81,14.65,17.2,7.96,0
2024-04-01,Torres and Cape,1076,138,10.12,130940,13246,0.82,10.85,10.850000000000001,5.25,8.881784197001252e-16
2024-04-01,Darling Downs,10106,717,10.12,130940,13246,7.72,7.24,5.1,5.09,-4.440892098500626e-16
2024-04-01,Central Queensland,8170,1526,10.12,130940,13246,6.24,13.87,15.7,4.78,-8.881784197001252e-16
2024-04-01,Wide Bay,11501,966,10.12,130940,13246,8.78,7.71,6.9,3.95,0
2024-04-01,Metro South,30747,2556,10.12,130940,13246,23.48,7.76,7.6,2.24,0
2024-04-01,West Moreton,9524,270,10.12,130940,13246,7.27,2.28,2.6500000000000004,1.07,2.220446049250313e-16
2024-04-01,Sunshine Coast,12971,530,10.12,130940,13246,9.91,3.84,3.7,0.88,0
2024-04-01,Central West,984,120,10.12,130940,13246,0.75,10.90,10.9,0.00,0
2024-07-01,Metro North,17927,1967,13.54,131624,17823,13.62,31.96,14.95,40.29,-8.881784197001252e-16
2024-07-01,Cairns and Hinterland,8548,1345,13.54,131624,17823,6.49,22.51,13.3,27.42,0
2024-07-01,North West,388,187,13.54,131624,17823,0.29,22.85,22.85,17.25,0
2024-07-01,South West,1096,352,13.54,131624,17823,0.83,19.12,23.8,12.69,0
2024-07-01,Mackay,6286,2554,13.54,131624,17823,4.78,38.82,31.5,11.79,0
2024-07-01,Central Queensland,7970,1618,13.54,131624,17823,6.06,17.77,18.25,9.13,0
2024-07-01,Torres and Cape,829,100,13.54,131624,17823,0.63,12.85,12.849999999999998,8.05,-1.7763568394002505e-15
2024-07-01,Gold Coast,9576,1038,13.54,131624,17823,7.28,15.90,14.45,7.87,0
2024-07-01,Darling Downs,10190,938,13.54,131624,17823,7.74,10.91,8.35,6.69,-4.440892098500626e-16
2024-07-01,West Moreton,9226,985,13.54,131624,17823,7.01,9.18,10.3,4.45,8.881784197001252e-16
2024-07-01,Townsville,3354,404,13.54,131624,17823,2.55,12.18,11.55,3.87,0
2024-07-01,Wide Bay,10803,1769,13.54,131624,17823,8.21,12.80,13.9,3.63,0
2024-07-01,Metro South,32072,3275,13.54,131624,17823,24.37,9.48,9.8,1.58,0
2024-07-01,Sunshine Coast,12339,1166,13.54,131624,17823,9.37,8.56,8.1,0.99,0
2024-07-01,Central West,1020,125,13.54,131624,17823,0.77,10.90,10.9,0.00,0
2024-10-01,Metro North,20168,477,9.12,136236,12426,14.80,26.94,4.25,42.24,0
2024-10-01,Cairns and Hinterland,9252,996,9.12,136236,12426,6.79,32.96,9.9,40.08,0
2024-10-01,Mackay,6990,1209,9.12,136236,12426,5.13,16.02,14.4,14.12,0
2024-10-01,South West,1118,302,9.12,136236,12426,0.82,8.76,0,10.33,0
2024-10-01,Darling Downs,10084,757,9.12,136236,12426,7.40,11.53,8.95,6.20,-8.881784197001252e-16
2024-10-01,Gold Coast,10069,993,9.12,136236,12426,7.39,13.33,12.75,6.03,8.881784197001252e-16
2024-10-01,Townsville,3457,329,9.12,136236,12426,2.54,13.25,11.3,5.76,0
2024-10-01,Torres and Cape,797,54,9.12,136236,12426,0.59,7.80,7.8,4.60,-8.881784197001252e-16
2024-10-01,Wide Bay,11732,773,9.12,136236,12426,8.61,9.14,6.8,3.88,0
2024-10-01,West Moreton,10032,453,9.12,136236,12426,7.36,3.85,4.35,2.28,0
2024-10-01,Central Queensland,8593,1115,9.12,136236,12426,6.31,11.35,11.55,2.24,8.881784197001252e-16
2024-10-01,Metro South,31074,3200,9.12,136236,12426,22.81,9.26,9.5,1.95,0
2024-10-01,Sunshine Coast,11360,1564,9.12,136236,12426,8.34,12.52,11.8,1.65,0
2024-10-01,North West,446,19,9.12,136236,12426,0.33,3.85,3.85,0.55,0
2024-10-01,Central West,1064,185,9.12,136236,12426,0.78,14.80,14.8,0.00,0
2025-01-01,Cairns and Hinterland,9599,798,9.08,140165,12726,6.85,26.08,8.3,37.08,8.881784197001252e-16
2025-01-01,Sunshine Coast,11709,1080,9.08,140165,12726,8.35,23.17,9.45,34.43,0
2025-01-01,Mackay,6506,1381,9.08,140165,12726,4.64,22.66,18.1,15.90,0
2025-01-01,Darling Downs,10346,597,9.08,140165,12726,7.38,10.98,5.25,10.86,0
2025-01-01,South West,1230,410,9.08,140165,12726,0.88,18.96,21.6,10.66,0
2025-01-01,Torres and Cape,823,95,9.08,140165,12726,0.59,11.75,11.75,7.65,8.881784197001252e-16
2025-01-01,Central Queensland,8636,1473,9.08,140165,12726,6.16,16.63,16,6.92,0
2025-01-01,North West,492,60,9.08,140165,12726,0.35,7.40,7.3999999999999995,6.60,-8.881784197001252e-16
2025-01-01,Metro North,21169,811,9.08,140165,12726,15.10,3.77,0.8499999999999999,5.69,-1.1102230246251565e-16
2025-01-01,Townsville,3477,461,9.08,140165,12726,2.48,6.72,6.35,4.13,-4.440892098500626e-16
2025-01-01,Gold Coast,10387,973,9.08,140165,12726,7.41,11.15,11.25,2.67,0
2025-01-01,Wide Bay,11636,1093,9.08,140165,12726,8.30,9.30,10.1,2.40,0
2025-01-01,West Moreton,9953,312,9.08,140165,12726,7.10,2.62,2.9,1.32,0
2025-01-01,Metro South,33040,3011,9.08,140165,12726,23.57,8.50,8.3,1.25,0
2025-01-01,Central West,1162,171,9.08,140165,12726,0.83,12.80,12.8,0.00,0
2025-04-01,Cairns and Hinterland,10058,878,7.77,147712,11475,6.81,33.58,10.3,40.74,0
2025-04-01,Sunshine Coast,12104,786,7.77,147712,11475,8.19,21.77,6.35,34.99,-4.440892098500626e-16
2025-04-01,South West,1275,257,7.77,147712,11475,0.86,12.01,7.7,13.65,0
2025-04-01,Torres and Cape,726,156,7.77,147712,11475,0.49,19.50,19.5,10.30,0
2025-04-01,North West,610,57,7.77,147712,11475,0.41,11.30,11.3,6.00,0
2025-04-01,Townsville,3712,305,7.77,147712,11475,2.51,6.88,7.300000000000001,5.55,4.440892098500626e-16
2025-04-01,Central Queensland,8532,1173,7.77,147712,11475,5.78,13.90,15.9,5.30,0
2025-04-01,Darling Downs,10662,633,7.77,147712,11475,7.22,8.04,6.449999999999999,5.03,-4.440892098500626e-16
2025-04-01,Mackay,6771,622,7.77,147712,11475,4.58,7.84,7.7,4.41,0
2025-04-01,Gold Coast,9652,1429,7.77,147712,11475,6.53,9.33,8.9,3.26,0
2025-04-01,Metro North,22727,2084,7.77,147712,11475,15.39,8.37,7.5,2.79,0
2025-04-01,West Moreton,11456,456,7.77,147712,11475,7.76,3.48,3.6500000000000004,1.76,2.220446049250313e-16
2025-04-01,Wide Bay,11693,1082,7.77,147712,11475,7.92,9.34,9.6,1.76,0
2025-04-01,Metro South,36577,1454,7.77,147712,11475,24.76,3.78,3.8,0.48,0
2025-04-01,Central West,1157,103,7.77,147712,11475,0.78,8.20,8.2,0.00,0
