quarter,catchment,total_waiting,total_waiting_adjusted,backlog,proportional_backlog
2020-01-01,Cairns and Hinterland,9816,9816.00,0.00,0.00
2020-01-01,Central Queensland,7373,7373.00,0.00,0.00
2020-01-01,Central West,656,656.00,0.00,0.00
2020-01-01,Darling Downs,8563,8563.00,0.00,0.00
2020-01-01,Gold Coast,6026,6026.00,0.00,0.00
2020-01-01,Mackay,6240,6240.00,0.00,0.00
2020-01-01,Metro North,18827,18827.00,0.00,0.00
2020-01-01,Metro South,33402,33402.00,0.00,0.00
2020-01-01,North West,910,910.00,0.00,0.00
2020-01-01,South West,1161,1161.00,0.00,0.00
2020-01-01,Sunshine Coast,12029,12029.00,0.00,0.00
2020-01-01,Torres and Cape,631,631.00,0.00,0.00
2020-01-01,Townsville,2711,2711.00,0.00,0.00
2020-01-01,West Moreton,9868,9940.50,72.50,0.73
2020-01-01,Wide Bay,8949,8949.00,0.00,0.00
2020-07-01,Cairns and Hinterland,11372,11443.75,71.75,0.63
2020-07-01,Central Queensland,8134,8134.00,0.00,0.00
2020-07-01,Central West,621,634.25,13.25,2.09
2020-07-01,Darling Downs,8763,8763.00,0.00,0.00
2020-07-01,Gold Coast,7527,7527.00,0.00,0.00
2020-07-01,Mackay,6641,6641.00,0.00,0.00
2020-07-01,Metro North,18357,18357.25,0.25,0.00
2020-07-01,Metro South,34669,34669.00,0.00,0.00
2020-07-01,North West,985,985.00,0.00,0.00
2020-07-01,South West,1236,1236.00,0.00,0.00
2020-07-01,Sunshine Coast,12053,12069.25,16.25,0.13
2020-07-01,Torres and Cape,633,642.25,9.25,1.44
2020-07-01,Townsville,2509,2509.00,0.00,0.00
2020-07-01,West Moreton,10115,10459.75,344.75,3.30
2020-07-01,Wide Bay,9133,9133.00,0.00,0.00
2020-10-01,Cairns and Hinterland,NULL,NULL,NULL,NULL
2020-10-01,Central Queensland,NULL,NULL,NULL,NULL
2020-10-01,Central West,NULL,NULL,NULL,NULL
2020-10-01,Darling Downs,NULL,NULL,NULL,NULL
2020-10-01,Gold Coast,NULL,NULL,NULL,NULL
2020-10-01,Mackay,NULL,NULL,NULL,NULL
2020-10-01,Metro North,NULL,NULL,NULL,NULL
2020-10-01,Metro South,NULL,NULL,NULL,NULL
2020-10-01,North West,NULL,NULL,NULL,NULL
2020-10-01,South West,NULL,NULL,NULL,NULL
2020-10-01,Sunshine Coast,NULL,NULL,NULL,NULL
2020-10-01,Torres and Cape,NULL,NULL,NULL,NULL
2020-10-01,Townsville,NULL,NULL,NULL,NULL
2020-10-01,West Moreton,NULL,NULL,NULL,NULL
2020-10-01,Wide Bay,NULL,NULL,NULL,NULL
2021-01-01,Cairns and Hinterland,11538,11657.00,119.00,1.02
2021-01-01,Central Queensland,7869,7869.00,0.00,0.00
2021-01-01,Central West,643,643.50,0.50,0.08
2021-01-01,Darling Downs,9102,9121.75,19.75,0.22
2021-01-01,Gold Coast,9034,9034.00,0.00,0.00
2021-01-01,Mackay,6780,6780.00,0.00,0.00
2021-01-01,Metro North,18171,18171.25,0.25,0.00
2021-01-01,Metro South,33959,33959.00,0.00,0.00
2021-01-01,North West,1193,1197.50,4.50,0.38
2021-01-01,South West,1305,1305.00,0.00,0.00
2021-01-01,Sunshine Coast,11888,11889.25,1.25,0.01
2021-01-01,Torres and Cape,820,855.50,35.50,4.15
2021-01-01,Townsville,2790,2790.00,0.00,0.00
2021-01-01,West Moreton,9357,9617.00,260.00,2.70
2021-01-01,Wide Bay,9439,9439.00,0.00,0.00
2021-04-01,Cairns and Hinterland,11819,12019.25,200.25,1.67
2021-04-01,Central Queensland,7958,7958.00,0.00,0.00
2021-04-01,Central West,770,770.00,0.00,0.00
2021-04-01,Darling Downs,9009,9044.00,35.00,0.39
2021-04-01,Gold Coast,9290,9337.00,47.00,0.50
2021-04-01,Mackay,6752,6752.00,0.00,0.00
2021-04-01,Metro North,18390,18390.00,0.00,0.00
2021-04-01,Metro South,32978,32978.00,0.00,0.00
2021-04-01,North West,1158,1205.00,47.00,3.90
2021-04-01,South West,1183,1183.00,0.00,0.00
2021-04-01,Sunshine Coast,13250,13250.00,0.00,0.00
2021-04-01,Torres and Cape,910,953.25,43.25,4.54
2021-04-01,Townsville,2768,2768.00,0.00,0.00
2021-04-01,West Moreton,10174,10604.00,430.00,4.06
2021-04-01,Wide Bay,8788,8788.00,0.00,0.00
2022-07-01,Cairns and Hinterland,9586,9586.00,0.00,0.00
2022-07-01,Central Queensland,7557,7557.00,0.00,0.00
2022-07-01,Central West,856,856.00,0.00,0.00
2022-07-01,Darling Downs,9002,9040.50,38.50,0.43
2022-07-01,Gold Coast,9952,9952.00,0.00,0.00
2022-07-01,Mackay,6336,6336.00,0.00,0.00
2022-07-01,Metro North,16645,16645.00,0.00,0.00
2022-07-01,Metro South,31380,31380.25,0.25,0.00
2022-07-01,North West,542,581.50,39.50,6.79
2022-07-01,South West,1027,1027.00,0.00,0.00
2022-07-01,Sunshine Coast,11030,11030.00,0.00,0.00
2022-07-01,Torres and Cape,958,1026.00,68.00,6.63
2022-07-01,Townsville,2371,2371.00,0.00,0.00
2022-07-01,West Moreton,7264,7264.00,0.00,0.00
2022-07-01,Wide Bay,8526,8526.00,0.00,0.00
2022-10-01,Cairns and Hinterland,9338,9338.25,0.25,0.00
2022-10-01,Central Queensland,8206,8206.00,0.00,0.00
2022-10-01,Central West,850,850.00,0.00,0.00
2022-10-01,Darling Downs,9220,9272.75,52.75,0.57
2022-10-01,Gold Coast,9118,9118.00,0.00,0.00
2022-10-01,Mackay,6885,6885.00,0.00,0.00
2022-10-01,Metro North,17651,17651.00,0.00,0.00
2022-10-01,Metro South,28678,28678.00,0.00,0.00
2022-10-01,North West,535,574.25,39.25,6.84
2022-10-01,South West,831,831.00,0.00,0.00
2022-10-01,Sunshine Coast,10923,10923.00,0.00,0.00
2022-10-01,Torres and Cape,941,1001.50,60.50,6.04
2022-10-01,Townsville,2581,2581.00,0.00,0.00
2022-10-01,West Moreton,6758,6758.00,0.00,0.00
2022-10-01,Wide Bay,9603,9603.00,0.00,0.00
2023-04-01,Cairns and Hinterland,8487,8487.25,0.25,0.00
2023-04-01,Central Queensland,8368,8368.00,0.00,0.00
2023-04-01,Central West,893,893.00,0.00,0.00
2023-04-01,Darling Downs,9308,9308.00,0.00,0.00
2023-04-01,Gold Coast,9858,9858.00,0.00,0.00
2023-04-01,Mackay,6576,6576.00,0.00,0.00
2023-04-01,Metro North,12629,12629.00,0.00,0.00
2023-04-01,Metro South,26477,26477.00,0.00,0.00
2023-04-01,North West,709,760.75,51.75,6.80
2023-04-01,South West,835,835.00,0.00,0.00
2023-04-01,Sunshine Coast,12850,12850.00,0.00,0.00
2023-04-01,Torres and Cape,940,1007.50,67.50,6.70
2023-04-01,Townsville,2977,2977.00,0.00,0.00
2023-04-01,West Moreton,7276,7276.00,0.00,0.00
2023-04-01,Wide Bay,10909,10909.00,0.00,0.00
2023-07-01,Cairns and Hinterland,8338,8338.00,0.00,0.00
2023-07-01,Central Queensland,8093,8093.00,0.00,0.00
2023-07-01,Central West,645,645.00,0.00,0.00
2023-07-01,Darling Downs,9194,9194.00,0.00,0.00
2023-07-01,Gold Coast,8685,8685.00,0.00,0.00
2023-07-01,Mackay,6426,6426.00,0.00,0.00
2023-07-01,Metro North,13401,13401.00,0.00,0.00
2023-07-01,Metro South,29987,29987.00,0.00,0.00
2023-07-01,North West,687,749.25,62.25,8.31
2023-07-01,South West,798,798.00,0.00,0.00
2023-07-01,Sunshine Coast,11469,11469.00,0.00,0.00
2023-07-01,Torres and Cape,1037,1126.75,89.75,7.97
2023-07-01,Townsville,3126,3126.00,0.00,0.00
2023-07-01,West Moreton,7183,7183.00,0.00,0.00
2023-07-01,Wide Bay,10631,10631.00,0.00,0.00
2023-10-01,Cairns and Hinterland,8686,8686.00,0.00,0.00
2023-10-01,Central Queensland,8397,8397.00,0.00,0.00
2023-10-01,Central West,1032,1032.00,0.00,0.00
2023-10-01,Darling Downs,9685,9685.00,0.00,0.00
2023-10-01,Gold Coast,8498,8498.00,0.00,0.00
2023-10-01,Mackay,7187,7188.75,1.75,0.02
2023-10-01,Metro North,14553,14553.00,0.00,0.00
2023-10-01,Metro South,29850,29850.00,0.00,0.00
2023-10-01,North West,702,747.25,45.25,6.06
2023-10-01,South West,942,942.00,0.00,0.00
2023-10-01,Sunshine Coast,11800,11800.25,0.25,0.00
2023-10-01,Torres and Cape,1054,1156.00,102.00,8.82
2023-10-01,Townsville,3082,3082.00,0.00,0.00
2023-10-01,West Moreton,8461,8616.50,155.50,1.80
2023-10-01,Wide Bay,11135,11135.00,0.00,0.00
2024-01-01,Cairns and Hinterland,8538,8538.00,0.00,0.00
2024-01-01,Central Queensland,8319,8319.00,0.00,0.00
2024-01-01,Central West,1045,1045.25,0.25,0.02
2024-01-01,Darling Downs,9276,9276.00,0.00,0.00
2024-01-01,Gold Coast,8924,8924.00,0.00,0.00
2024-01-01,Mackay,6877,6877.00,0.00,0.00
2024-01-01,Metro North,14865,14865.00,0.00,0.00
2024-01-01,Metro South,32274,32274.00,0.00,0.00
2024-01-01,North West,585,613.00,28.00,4.57
2024-01-01,South West,1039,1039.00,0.00,0.00
2024-01-01,Sunshine Coast,11828,11828.00,0.00,0.00
2024-01-01,Torres and Cape,1041,1149.25,108.25,9.42
2024-01-01,Townsville,3219,3219.00,0.00,0.00
2024-01-01,West Moreton,7983,7983.75,0.75,0.01
2024-01-01,Wide Bay,11174,11174.00,0.00,0.00
2024-04-01,Cairns and Hinterland,8619,8619.00,0.00,0.00
2024-04-01,Central Queensland,8170,8170.00,0.00,0.00
2024-04-01,Central West,984,984.25,0.25,0.03
2024-04-01,Darling Downs,10106,10106.00,0.00,0.00
2024-04-01,Gold Coast,9111,9111.00,0.00,0.00
2024-04-01,Mackay,6958,6958.00,0.00,0.00
2024-04-01,Metro North,16156,16156.00,0.00,0.00
2024-04-01,Metro South,30747,30747.00,0.00,0.00
2024-04-01,North West,554,555.75,1.75,0.31
2024-04-01,South West,1058,1058.00,0.00,0.00
2024-04-01,Sunshine Coast,12971,12971.50,0.50,0.00
2024-04-01,Torres and Cape,1076,1223.25,147.25,12.04
2024-04-01,Townsville,3405,3405.00,0.00,0.00
2024-04-01,West Moreton,9524,9734.25,210.25,2.16
2024-04-01,Wide Bay,11501,11501.00,0.00,0.00
2024-07-01,Cairns and Hinterland,8548,8548.25,0.25,0.00
2024-07-01,Central Queensland,7970,7970.00,0.00,0.00
2024-07-01,Central West,1020,1020.50,0.50,0.05
2024-07-01,Darling Downs,10190,10190.00,0.00,0.00
2024-07-01,Gold Coast,9576,9576.00,0.00,0.00
2024-07-01,Mackay,6286,6286.00,0.00,0.00
2024-07-01,Metro North,17927,17927.00,0.00,0.00
2024-07-01,Metro South,32072,32072.00,0.00,0.00
2024-07-01,North West,388,388.00,0.00,0.00
2024-07-01,South West,1096,1096.00,0.00,0.00
2024-07-01,Sunshine Coast,12339,12339.00,0.00,0.00
2024-07-01,Torres and Cape,829,948.75,119.75,12.62
2024-07-01,Townsville,3354,3354.00,0.00,0.00
2024-07-01,West Moreton,9226,9226.00,0.00,0.00
2024-07-01,Wide Bay,10803,10803.00,0.00,0.00
2024-10-01,Cairns and Hinterland,9252,9252.00,0.00,0.00
2024-10-01,Central Queensland,8593,8593.00,0.00,0.00
2024-10-01,Central West,1064,1064.75,0.75,0.07
2024-10-01,Darling Downs,10084,10084.00,0.00,0.00
2024-10-01,Gold Coast,10069,10069.00,0.00,0.00
2024-10-01,Mackay,6990,6990.00,0.00,0.00
2024-10-01,Metro North,20168,20168.00,0.00,0.00
2024-10-01,Metro South,31074,31074.00,0.00,0.00
2024-10-01,North West,446,446.00,0.00,0.00
2024-10-01,South West,1118,1118.00,0.00,0.00
2024-10-01,Sunshine Coast,11360,11360.00,0.00,0.00
2024-10-01,Torres and Cape,797,912.75,115.75,12.68
2024-10-01,Townsville,3457,3457.00,0.00,0.00
2024-10-01,West Moreton,10032,10119.75,87.75,0.87
2024-10-01,Wide Bay,11732,11732.00,0.00,0.00
2025-01-01,Cairns and Hinterland,9599,9599.00,0.00,0.00
2025-01-01,Central Queensland,8636,8636.00,0.00,0.00
2025-01-01,Central West,1162,1162.50,0.50,0.04
2025-01-01,Darling Downs,10346,10346.00,0.00,0.00
2025-01-01,Gold Coast,10387,10387.00,0.00,0.00
2025-01-01,Mackay,6506,6506.00,0.00,0.00
2025-01-01,Metro North,21169,21169.00,0.00,0.00
2025-01-01,Metro South,33040,33040.00,0.00,0.00
2025-01-01,North West,492,492.00,0.00,0.00
2025-01-01,South West,1230,1230.00,0.00,0.00
2025-01-01,Sunshine Coast,11709,11709.00,0.00,0.00
2025-01-01,Torres and Cape,823,935.25,112.25,12.00
2025-01-01,Townsville,3477,3477.00,0.00,0.00
2025-01-01,West Moreton,9953,10047.00,94.00,0.94
2025-01-01,Wide Bay,11636,11636.00,0.00,0.00
2025-04-01,Cairns and Hinterland,10058,10058.00,0.00,0.00
2025-04-01,Central Queensland,8532,8532.00,0.00,0.00
2025-04-01,Central West,1157,1157.00,0.00,0.00
2025-04-01,Darling Downs,10662,10662.00,0.00,0.00
2025-04-01,Gold Coast,9652,9652.25,0.25,0.00
2025-04-01,Mackay,6771,6771.00,0.00,0.00
2025-04-01,Metro North,22727,22727.00,0.00,0.00
2025-04-01,Metro South,36577,36577.50,0.50,0.00
2025-04-01,North West,610,610.25,0.25,0.04
2025-04-01,South West,1275,1275.00,0.00,0.00
2025-04-01,Sunshine Coast,12104,12105.50,1.50,0.01
2025-04-01,Torres and Cape,726,811.00,85.00,10.48
2025-04-01,Townsville,3712,3712.00,0.00,0.00
2025-04-01,West Moreton,11456,11681.25,225.25,1.93
2025-04-01,Wide Bay,11693,11693.00,0.00,0.00
