quarter,catchment,catchment_waiting_total,catchment_treated_total,catchment_treatment_ratio,catchment_treatment_pct,months_to_treat,patients_cleared_in_24mo,patients_beyond_24mo,long_waiting_patients,exit_results,exit_interpretation
2023-04-01,Cairns and Hinterland,8487,1340,0.158,15.79,19,10720,-2233,1,-2234,within target
2023-04-01,Central Queensland,8368,1401,0.167,16.74,18,11157,-2789,0,-2789,within target
2023-04-01,Central West,893,118,0.132,13.21,23,932,-39,0,-39,within target
2023-04-01,Darling Downs,9308,1073,0.115,11.53,26,8592,716,0,716,exits likely
2023-04-01,Gold Coast,9858,1155,0.117,11.72,26,9100,758,0,758,exits likely
2023-04-01,Mackay,6576,1059,0.161,16.10,19,8307,-1731,0,-1731,within target
2023-04-01,Metro North,12629,4473,0.354,35.42,8,37887,-25258,0,-25258,within target
2023-04-01,Metro South,26477,4168,0.157,15.74,19,33445,-6968,0,-6968,within target
2023-04-01,North West,709,30,0.042,4.23,71,240,469,125,344,exits likely
2023-04-01,South West,835,356,0.426,42.63,7,2863,-2028,0,-2028,within target
2023-04-01,Sunshine Coast,12850,510,0.040,3.97,75,4112,8738,0,8738,exits likely
2023-04-01,Torres and Cape,940,131,0.139,13.94,22,1025,-85,188,-273,within target
2023-04-01,Townsville,2977,305,0.102,10.25,29,2464,513,0,513,exits likely
2023-04-01,West Moreton,7276,386,0.053,5.31,57,3064,4212,0,4212,exits likely
2023-04-01,Wide Bay,10909,726,0.067,6.66,45,5818,5091,0,5091,exits likely
2023-07-01,Cairns and Hinterland,8338,1189,0.143,14.26,21,9529,-1191,0,-1191,within target
2023-07-01,Central Queensland,8093,1462,0.181,18.06,17,11425,-3332,0,-3332,within target
2023-07-01,Central West,645,70,0.109,10.85,28,553,92,0,92,exits likely
2023-07-01,Darling Downs,9194,1044,0.114,11.36,26,8487,707,0,707,exits likely
2023-07-01,Gold Coast,8685,1505,0.173,17.33,17,12261,-3576,0,-3576,within target
2023-07-01,Mackay,6426,1128,0.176,17.55,17,9072,-2646,0,-2646,within target
2023-07-01,Metro North,13401,1751,0.131,13.07,23,13984,-583,0,-583,within target
2023-07-01,Metro South,29987,2873,0.096,9.58,31,23216,6771,0,6771,exits likely
2023-07-01,North West,687,35,0.051,5.09,59,279,408,113,295,exits likely
2023-07-01,South West,798,288,0.361,36.09,8,2394,-1596,0,-1596,within target
2023-07-01,Sunshine Coast,11469,1514,0.132,13.20,23,11968,-499,0,-499,within target
2023-07-01,Torres and Cape,1037,155,0.149,14.95,20,1244,-207,239,-446,within target
2023-07-01,Townsville,3126,334,0.107,10.68,28,2679,447,0,447,exits likely
2023-07-01,West Moreton,7183,599,0.083,8.34,36,4789,2394,0,2394,exits likely
2023-07-01,Wide Bay,10631,960,0.090,9.03,33,7732,2899,0,2899,exits likely
2023-10-01,Cairns and Hinterland,8686,836,0.096,9.62,31,6725,1961,0,1961,exits likely
2023-10-01,Central Queensland,8397,1014,0.121,12.08,25,8061,336,0,336,exits likely
2023-10-01,Central West,1032,111,0.108,10.76,28,885,147,0,147,exits likely
2023-10-01,Darling Downs,9685,881,0.091,9.10,33,7044,2641,0,2641,exits likely
2023-10-01,Gold Coast,8498,1003,0.118,11.80,25,8158,340,0,340,exits likely
2023-10-01,Mackay,7187,455,0.063,6.33,48,3594,3593,7,3586,exits likely
2023-10-01,Metro North,14553,1649,0.113,11.33,27,12936,1617,0,1617,exits likely
2023-10-01,Metro South,29850,2055,0.069,6.88,43,16660,13190,0,13190,exits likely
2023-10-01,North West,702,19,0.027,2.71,111,152,550,83,467,exits likely
2023-10-01,South West,942,255,0.271,27.07,11,2055,-1113,0,-1113,within target
2023-10-01,Sunshine Coast,11800,1325,0.112,11.23,27,10489,1311,1,1310,exits likely
2023-10-01,Torres and Cape,1054,111,0.105,10.53,29,872,182,228,-46,retention — patients trapped
2023-10-01,Townsville,3082,507,0.165,16.45,18,4109,-1027,0,-1027,within target
2023-10-01,West Moreton,8461,52,0.006,0.61,500,406,8055,622,7433,exits likely
2023-10-01,Wide Bay,11135,889,0.080,7.98,38,7033,4102,0,4102,exits likely
2024-01-01,Cairns and Hinterland,8538,1332,0.156,15.60,19,10785,-2247,0,-2247,within target
2024-01-01,Central Queensland,8319,1410,0.169,16.95,18,11092,-2773,0,-2773,within target
2024-01-01,Central West,1045,45,0.043,4.31,70,358,687,1,686,exits likely
2024-01-01,Darling Downs,9276,1096,0.118,11.82,25,8905,371,0,371,exits likely
2024-01-01,Gold Coast,8924,978,0.110,10.96,27,7932,992,0,992,exits likely
2024-01-01,Mackay,6877,1117,0.162,16.24,19,8687,-1810,0,-1810,within target
2024-01-01,Metro North,14865,1821,0.123,12.25,24,14865,0,0,0,within target
2024-01-01,Metro South,32274,2919,0.090,9.04,33,23472,8802,0,8802,exits likely
2024-01-01,North West,585,66,0.113,11.28,27,520,65,52,13,exits likely
2024-01-01,South West,1039,280,0.269,26.95,11,2267,-1228,0,-1228,within target
2024-01-01,Sunshine Coast,11828,1011,0.085,8.55,35,8111,3717,0,3717,exits likely
2024-01-01,Torres and Cape,1041,174,0.167,16.71,18,1388,-347,233,-580,within target
2024-01-01,Townsville,3219,344,0.107,10.69,28,2759,460,0,460,exits likely
2024-01-01,West Moreton,7983,494,0.062,6.19,48,3992,3992,3,3989,exits likely
2024-01-01,Wide Bay,11174,1270,0.114,11.37,26,10314,860,0,860,exits likely
2024-04-01,Cairns and Hinterland,8619,1150,0.133,13.34,23,8994,-375,0,-375,within target
2024-04-01,Central Queensland,8170,1526,0.187,18.68,16,12255,-4085,0,-4085,within target
2024-04-01,Central West,984,120,0.122,12.20,25,945,39,1,38,exits likely
2024-04-01,Darling Downs,10106,717,0.071,7.09,42,5775,4331,0,4331,exits likely
2024-04-01,Gold Coast,9111,857,0.094,9.41,32,6833,2278,0,2278,exits likely
2024-04-01,Mackay,6958,1010,0.145,14.52,21,7952,-994,0,-994,within target
2024-04-01,Metro North,16156,2722,0.168,16.85,18,21541,-5385,0,-5385,within target
2024-04-01,Metro South,30747,2556,0.083,8.31,36,20498,10249,0,10249,exits likely
2024-04-01,North West,554,70,0.126,12.64,24,554,0,3,-3,within target
2024-04-01,South West,1058,262,0.248,24.76,12,2116,-1058,0,-1058,within target
2024-04-01,Sunshine Coast,12971,530,0.041,4.09,73,4264,8707,2,8705,exits likely
2024-04-01,Torres and Cape,1076,138,0.128,12.83,23,1123,-47,303,-350,within target
2024-04-01,Townsville,3405,352,0.103,10.34,29,2818,587,0,587,exits likely
2024-04-01,West Moreton,9524,270,0.028,2.83,107,2136,7388,841,6547,exits likely
2024-04-01,Wide Bay,11501,966,0.084,8.40,36,7667,3834,0,3834,exits likely
2024-07-01,Cairns and Hinterland,8548,1345,0.157,15.73,19,10797,-2249,1,-2250,within target
2024-07-01,Central Queensland,7970,1618,0.203,20.30,15,12752,-4782,0,-4782,within target
2024-07-01,Central West,1020,125,0.123,12.25,24,1020,0,2,-2,within target
2024-07-01,Darling Downs,10190,938,0.092,9.21,33,7411,2779,0,2779,exits likely
2024-07-01,Gold Coast,9576,1038,0.108,10.84,28,8208,1368,0,1368,exits likely
2024-07-01,Mackay,6286,2554,0.406,40.63,7,21552,-15266,0,-15266,within target
2024-07-01,Metro North,17927,1967,0.110,10.97,27,15935,1992,0,1992,exits likely
2024-07-01,Metro South,32072,3275,0.102,10.21,29,26542,5530,0,5530,exits likely
2024-07-01,North West,388,187,0.482,48.20,6,1552,-1164,0,-1164,within target
2024-07-01,South West,1096,352,0.321,32.12,9,2923,-1827,0,-1827,within target
2024-07-01,Sunshine Coast,12339,1166,0.094,9.45,32,9254,3085,0,3085,exits likely
2024-07-01,Torres and Cape,829,100,0.121,12.06,25,796,33,237,-204,retention — patients trapped
2024-07-01,Townsville,3354,404,0.120,12.05,25,3220,134,0,134,exits likely
2024-07-01,West Moreton,9226,985,0.107,10.68,28,7908,1318,0,1318,exits likely
2024-07-01,Wide Bay,10803,1769,0.164,16.38,18,14404,-3601,0,-3601,within target
2024-10-01,Cairns and Hinterland,9252,996,0.108,10.77,28,7930,1322,0,1322,exits likely
2024-10-01,Central Queensland,8593,1115,0.130,12.98,23,8967,-374,0,-374,within target
2024-10-01,Central West,1064,185,0.174,17.39,17,1502,-438,3,-441,within target
2024-10-01,Darling Downs,10084,757,0.075,7.51,40,6050,4034,0,4034,exits likely
2024-10-01,Gold Coast,10069,993,0.099,9.86,30,8055,2014,0,2014,exits likely
2024-10-01,Mackay,6990,1209,0.173,17.30,17,9868,-2878,0,-2878,within target
2024-10-01,Metro North,20168,477,0.024,2.37,125,3872,16296,0,16296,exits likely
2024-10-01,Metro South,31074,3200,0.103,10.30,29,25716,5358,0,5358,exits likely
2024-10-01,North West,446,19,0.043,4.26,70,153,293,0,293,exits likely
2024-10-01,South West,1118,302,0.270,27.01,11,2439,-1321,0,-1321,within target
2024-10-01,Sunshine Coast,11360,1564,0.138,13.77,22,12393,-1033,0,-1033,within target
2024-10-01,Torres and Cape,797,54,0.068,6.78,44,435,362,217,145,exits likely
2024-10-01,Townsville,3457,329,0.095,9.52,32,2593,864,0,864,exits likely
2024-10-01,West Moreton,10032,453,0.045,4.52,67,3594,6438,351,6087,exits likely
2024-10-01,Wide Bay,11732,773,0.066,6.59,45,6257,5475,0,5475,exits likely
2025-01-01,Cairns and Hinterland,9599,798,0.083,8.31,36,6399,3200,0,3200,exits likely
2025-01-01,Central Queensland,8636,1473,0.171,17.06,18,11515,-2879,0,-2879,within target
2025-01-01,Central West,1162,171,0.147,14.72,20,1394,-232,2,-234,within target
2025-01-01,Darling Downs,10346,597,0.058,5.77,52,4775,5571,0,5571,exits likely
2025-01-01,Gold Coast,10387,973,0.094,9.37,32,7790,2597,0,2597,exits likely
2025-01-01,Mackay,6506,1381,0.212,21.23,14,11153,-4647,0,-4647,within target
2025-01-01,Metro North,21169,811,0.038,3.83,79,6431,14738,0,14738,exits likely
2025-01-01,Metro South,33040,3011,0.091,9.11,33,24029,9011,0,9011,exits likely
2025-01-01,North West,492,60,0.122,12.20,25,472,20,0,20,exits likely
2025-01-01,South West,1230,410,0.333,33.33,9,3280,-2050,0,-2050,within target
2025-01-01,Sunshine Coast,11709,1080,0.092,9.22,33,8516,3193,0,3193,exits likely
2025-01-01,Torres and Cape,823,95,0.115,11.54,26,760,63,205,-142,retention — patients trapped
2025-01-01,Townsville,3477,461,0.133,13.26,23,3628,-151,0,-151,within target
2025-01-01,West Moreton,9953,312,0.031,3.13,97,2463,7490,376,7114,exits likely
2025-01-01,Wide Bay,11636,1093,0.094,9.39,32,8727,2909,0,2909,exits likely
2025-04-01,Cairns and Hinterland,10058,878,0.087,8.73,34,7100,2958,0,2958,exits likely
2025-04-01,Central Queensland,8532,1173,0.137,13.75,22,9308,-776,0,-776,within target
2025-04-01,Central West,1157,103,0.089,8.90,34,817,340,0,340,exits likely
2025-04-01,Darling Downs,10662,633,0.059,5.94,51,5017,5645,0,5645,exits likely
2025-04-01,Gold Coast,9652,1429,0.148,14.81,20,11582,-1930,1,-1931,within target
2025-04-01,Mackay,6771,622,0.092,9.19,33,4924,1847,0,1847,exits likely
2025-04-01,Metro North,22727,2084,0.092,9.17,33,16529,6198,0,6198,exits likely
2025-04-01,Metro South,36577,1454,0.040,3.98,75,11705,24872,2,24870,exits likely
2025-04-01,North West,610,57,0.093,9.34,32,458,153,1,152,exits likely
2025-04-01,South West,1275,257,0.202,20.16,15,2040,-765,0,-765,within target
2025-04-01,Sunshine Coast,12104,786,0.065,6.49,46,6315,5789,6,5783,exits likely
2025-04-01,Torres and Cape,726,156,0.215,21.49,14,1245,-519,142,-661,within target
2025-04-01,Townsville,3712,305,0.082,8.22,37,2408,1304,0,1304,exits likely
2025-04-01,West Moreton,11456,456,0.040,3.98,75,3666,7790,901,6889,exits likely
2025-04-01,Wide Bay,11693,1082,0.093,9.25,32,8770,2923,0,2923,exits likely
