quarter,catchment,clinic_name,total_waiting,total_waiting_adjusted,backlog,proportional_backlog
2020-01-01,Cairns and Hinterland,MAREEBA DENTAL CLINIC,1220,1220.00,0.00,0.0000
2020-01-01,Cairns and Hinterland,ATHERTON DENTAL CLINIC,1086,1086.00,0.00,0.0000
2020-01-01,Cairns and Hinterland,YARRABAH DENTAL CLINIC,1,1.00,0.00,0.0000
2020-01-01,Cairns and Hinterland,TULLY DENTAL CLINIC,727,727.00,0.00,0.0000
2020-01-01,Cairns and Hinterland,SMITHFIELD DENTAL CLINIC,980,980.00,0.00,0.0000
2020-01-01,Cairns and Hinterland,MOSSMAN DENTAL CLINIC,535,535.00,0.00,0.0000
2020-01-01,Cairns and Hinterland,INNISFAIL DENTAL CLINIC,1194,1194.00,0.00,0.0000
2020-01-01,Cairns and Hinterland,GEORGETOWN DENTAL CLINIC,2,2.00,0.00,0.0000
2020-01-01,Cairns and Hinterland,EDMONTON DENTAL CLINIC,1492,1492.00,0.00,0.0000
2020-01-01,Cairns and Hinterland,CAIRNS NTH DENTAL CLINIC,2579,2579.00,0.00,0.0000
2020-01-01,Cairns and Hinterland,CROYDON DENTAL CLINIC,0,0.00,0.00,0
2020-01-01,Central Queensland,EMERALD DENTAL CLINIC,397,397.00,0.00,0.0000
2020-01-01,Central Queensland,CAPRICORN COAST DENTAL,1315,1315.00,0.00,0.0000
2020-01-01,Central Queensland,BILOELA DENTAL CLINIC,257,257.00,0.00,0.0000
2020-01-01,Central Queensland,GLADSTONE DENTAL CLINIC,1814,1814.00,0.00,0.0000
2020-01-01,Central Queensland,MT MORGAN DENTAL CLINIC,247,247.00,0.00,0.0000
2020-01-01,Central Queensland,ROCKHAMPTON DENTAL CLINIC,3343,3343.00,0.00,0.0000
2020-01-01,Central West,CENTRAL WEST DENTAL CLINICS,656,656.00,0.00,0.0000
2020-01-01,Darling Downs,DALBY DENTAL CLINIC,930,930.00,0.00,0.0000
2020-01-01,Darling Downs,WARWICK DENTAL CLINIC,626,626.00,0.00,0.0000
2020-01-01,Darling Downs,INGLEWOOD DENTAL CLINIC,174,174.00,0.00,0.0000
2020-01-01,Darling Downs,KINGAROY DENTAL CLINIC,2376,2376.00,0.00,0.0000
2020-01-01,Darling Downs,STANTHORPE DENTAL CLINIC,741,741.00,0.00,0.0000
2020-01-01,Darling Downs,TOOWOOMBA DENTAL CLINIC,3182,3182.00,0.00,0.0000
2020-01-01,Darling Downs,GOONDIWINDI DENTAL CLINIC,187,187.00,0.00,0.0000
2020-01-01,Darling Downs,MILES DENTAL CLINIC,347,347.00,0.00,0.0000
2020-01-01,Gold Coast,ROBINA DENTAL CLINIC,1152,1152.00,0.00,0.0000
2020-01-01,Gold Coast,PALM BEACH DENTAL CLINIC,927,927.00,0.00,0.0000
2020-01-01,Gold Coast,GC SOUTHPORT HEALTH PREC,3937,3937.00,0.00,0.0000
2020-01-01,Gold Coast,GCUH DENTAL CLINIC,10,10.00,0.00,0.0000
2020-01-01,Mackay,CLERMONT DENTAL CLINIC,70,70.00,0.00,0.0000
2020-01-01,Mackay,BOWEN DENTAL CLINIC,783,783.00,0.00,0.0000
2020-01-01,Mackay,MACKAY DENTAL CLINIC,4210,4210.00,0.00,0.0000
2020-01-01,Mackay,COLLINSVILLE DENTAL CLINI,149,149.00,0.00,0.0000
2020-01-01,Mackay,PROSERPINE DENTAL,1028,1028.00,0.00,0.0000
2020-01-01,Metro North,INDOOROOPILLY DENTAL,0,0.00,0.00,0
2020-01-01,Metro North,CABOOLTURE DENTAL CLINIC,5419,5419.00,0.00,0.0000
2020-01-01,Metro North,ORAL HEALTH CENTRE,3728,3728.00,0.00,0.0000
2020-01-01,Metro North,PINE RIVERS DENTAL CLINIC,2589,2589.00,0.00,0.0000
2020-01-01,Metro North,REDCLIFFE DENTAL CLINIC,3136,3136.00,0.00,0.0000
2020-01-01,Metro North,SANDGATE DENTAL CLINIC,1594,1594.00,0.00,0.0000
2020-01-01,Metro North,STAFFORD DENTAL CLINIC,2361,2361.00,0.00,0.0000
2020-01-01,Metro South,BEENLEIGH BEAUDESERT CLUS,10012,10012.00,0.00,0.0000
2020-01-01,Metro South,BAYSIDE CLUSTER,6855,6855.00,0.00,0.0000
2020-01-01,Metro South,MS INNER BRISBANE CLUSTER,4967,4967.00,0.00,0.0000
2020-01-01,Metro South,KINGSTON LOGAN CLUSTER,4622,4622.00,0.00,0.0000
2020-01-01,Metro South,NATHAN INALA CLUSTER,6946,6946.00,0.00,0.0000
2020-01-01,North West,MORNINGTON ISLAND DENTAL,156,156.00,0.00,0.0000
2020-01-01,North West,CLONCURRY DENTAL,99,99.00,0.00,0.0000
2020-01-01,North West,MT ISA DENTAL CLINIC,655,655.00,0.00,0.0000
2020-01-01,South West,SURAT DENTAL CLINIC,30,30.00,0.00,0.0000
2020-01-01,South West,ST GEORGE DENTAL CLINIC,90,90.00,0.00,0.0000
2020-01-01,South West,CHARLEVILLE DENTAL CLINIC,238,238.00,0.00,0.0000
2020-01-01,South West,INJUNE DENTAL CLINIC,17,17.00,0.00,0.0000
2020-01-01,South West,AUGATHELLA DENTAL CLINIC,10,10.00,0.00,0.0000
2020-01-01,South West,CUNNAMULLA DENTAL CLINIC,79,79.00,0.00,0.0000
2020-01-01,South West,MUNGINDI DENTAL CLINIC,21,21.00,0.00,0.0000
2020-01-01,South West,DIRRANBANDI DENTAL CLINIC,17,17.00,0.00,0.0000
2020-01-01,South West,MITCHELL DENTAL CLINIC,81,81.00,0.00,0.0000
2020-01-01,South West,THARGOMINDAH DENTAL SERVI,11,11.00,0.00,0.0000
2020-01-01,South West,ROMA HOSPITAL DENTAL CLIN,547,547.00,0.00,0.0000
2020-01-01,South West,QUILPIE DENTAL CLINIC,20,20.00,0.00,0.0000
2020-01-01,Sunshine Coast,NAMBOUR DENTAL CLINIC,1689,1689.00,0.00,0.0000
2020-01-01,Sunshine Coast,KAWANA DENTAL CLINIC,3064,3064.00,0.00,0.0000
2020-01-01,Sunshine Coast,GYMPIE DENTAL CLINIC,2247,2247.00,0.00,0.0000
2020-01-01,Sunshine Coast,CALOUNDRA DENTAL CLINIC,3523,3523.00,0.00,0.0000
2020-01-01,Sunshine Coast,NOOSA DENTAL CLINIC,1506,1506.00,0.00,0.0000
2020-01-01,Torres and Cape,TORRES STRAIT DENTAL CLINIC,232,232.00,0.00,0.0000
2020-01-01,Torres and Cape,CAPE YORK DENTAL CLINIC,399,399.00,0.00,0.0000
2020-01-01,Townsville,TOWNSVILLE DENTAL CLINIC,2060,2060.00,0.00,0.0000
2020-01-01,Townsville,RICHMOND DENTAL CLINIC,0,0.00,0.00,0
2020-01-01,Townsville,AYR DENTAL CLINIC,189,189.00,0.00,0.0000
2020-01-01,Townsville,INGHAM DENTAL CLINIC,163,163.00,0.00,0.0000
2020-01-01,Townsville,CHARTERS TOWERS DENTAL CL,294,294.00,0.00,0.0000
2020-01-01,Townsville,HUGHENDEN DENTAL CLINIC,5,5.00,0.00,0.0000
2020-01-01,West Moreton,LAIDLEY DENTAL CLINIC,1273,1282.00,9.00,0.0070
2020-01-01,West Moreton,BOONAH DENTAL CLINIC,403,408.00,5.00,0.0123
2020-01-01,West Moreton,IPSWICH DENTAL CLINIC,5424,5455.75,31.75,0.0058
2020-01-01,West Moreton,COLLINGWOOD PARK DENTAL C,1976,1991.25,15.25,0.0077
2020-01-01,West Moreton,ESK DENTAL CLINIC,606,611.25,5.25,0.0086
2020-01-01,West Moreton,GATTON DENTAL CLINIC,186,192.25,6.25,0.0325
2020-01-01,Wide Bay,MUNDUBBERA DENTAL CLINIC,105,105.00,0.00,0.0000
2020-01-01,Wide Bay,BUNDABERG DENTAL CLINIC,3558,3558.00,0.00,0.0000
2020-01-01,Wide Bay,GAYNDAH DENTAL CLINIC,296,296.00,0.00,0.0000
2020-01-01,Wide Bay,MONTO DENTAL CLINIC,62,62.00,0.00,0.0000
2020-01-01,Wide Bay,CHILDERS DENTAL CLINIC,228,228.00,0.00,0.0000
2020-01-01,Wide Bay,HERVEY BAY DENTAL CLINIC,2626,2626.00,0.00,0.0000
2020-01-01,Wide Bay,MARYBOROUGH DENTAL CLINIC,2074,2074.00,0.00,0.0000
2020-07-01,Cairns and Hinterland,YARRABAH DENTAL CLINIC,3,3.00,0.00,0.0000
2020-07-01,Cairns and Hinterland,TULLY DENTAL CLINIC,778,782.25,4.25,0.0054
2020-07-01,Cairns and Hinterland,CROYDON DENTAL CLINIC,1,1.00,0.00,0.0000
2020-07-01,Cairns and Hinterland,EDMONTON DENTAL CLINIC,1793,1793.00,0.00,0.0000
2020-07-01,Cairns and Hinterland,MAREEBA DENTAL CLINIC,1309,1309.00,0.00,0.0000
2020-07-01,Cairns and Hinterland,GEORGETOWN DENTAL CLINIC,2,2.00,0.00,0.0000
2020-07-01,Cairns and Hinterland,INNISFAIL DENTAL CLINIC,1247,1277.25,30.25,0.0237
2020-07-01,Cairns and Hinterland,MOSSMAN DENTAL CLINIC,640,640.00,0.00,0.0000
2020-07-01,Cairns and Hinterland,SMITHFIELD DENTAL CLINIC,1258,1258.00,0.00,0.0000
2020-07-01,Cairns and Hinterland,ATHERTON DENTAL CLINIC,1270,1307.25,37.25,0.0285
2020-07-01,Cairns and Hinterland,CAIRNS NTH DENTAL CLINIC,3071,3071.00,0.00,0.0000
2020-07-01,Central Queensland,CAPRICORN COAST DENTAL,1422,1422.00,0.00,0.0000
2020-07-01,Central Queensland,GLADSTONE DENTAL CLINIC,1983,1983.00,0.00,0.0000
2020-07-01,Central Queensland,WOORABINDA DENTAL CLINIC,NULL,NULL,NULL,NULL
2020-07-01,Central Queensland,ROCKHAMPTON DENTAL CLINIC,3720,3720.00,0.00,0.0000
2020-07-01,Central Queensland,EMERALD DENTAL CLINIC,515,515.00,0.00,0.0000
2020-07-01,Central Queensland,MT MORGAN DENTAL CLINIC,225,225.00,0.00,0.0000
2020-07-01,Central Queensland,BILOELA DENTAL CLINIC,269,269.00,0.00,0.0000
2020-07-01,Central West,CENTRAL WEST DENTAL CLINICS,621,634.25,13.25,0.0209
2020-07-01,Darling Downs,GOONDIWINDI DENTAL CLINIC,158,158.00,0.00,0.0000
2020-07-01,Darling Downs,INGLEWOOD DENTAL CLINIC,143,143.00,0.00,0.0000
2020-07-01,Darling Downs,TOOWOOMBA DENTAL CLINIC,3455,3455.00,0.00,0.0000
2020-07-01,Darling Downs,MILES DENTAL CLINIC,356,356.00,0.00,0.0000
2020-07-01,Darling Downs,KINGAROY DENTAL CLINIC,2524,2524.00,0.00,0.0000
2020-07-01,Darling Downs,DALBY DENTAL CLINIC,935,935.00,0.00,0.0000
2020-07-01,Darling Downs,WARWICK DENTAL CLINIC,551,551.00,0.00,0.0000
2020-07-01,Darling Downs,STANTHORPE DENTAL CLINIC,641,641.00,0.00,0.0000
2020-07-01,Gold Coast,ROBINA DENTAL CLINIC,1710,1710.00,0.00,0.0000
2020-07-01,Gold Coast,PALM BEACH DENTAL CLINIC,1031,1031.00,0.00,0.0000
2020-07-01,Gold Coast,GCUH DENTAL CLINIC,13,13.00,0.00,0.0000
2020-07-01,Gold Coast,GC SOUTHPORT HEALTH PREC,4773,4773.00,0.00,0.0000
2020-07-01,Mackay,COLLINSVILLE DENTAL CLINI,156,156.00,0.00,0.0000
2020-07-01,Mackay,BOWEN DENTAL CLINIC,896,896.00,0.00,0.0000
2020-07-01,Mackay,CLERMONT DENTAL CLINIC,65,65.00,0.00,0.0000
2020-07-01,Mackay,MACKAY DENTAL CLINIC,4438,4438.00,0.00,0.0000
2020-07-01,Mackay,PROSERPINE DENTAL,1086,1086.00,0.00,0.0000
2020-07-01,Metro North,PINE RIVERS DENTAL CLINIC,2323,2323.00,0.00,0.0000
2020-07-01,Metro North,ORAL HEALTH CENTRE,4723,4723.00,0.00,0.0000
2020-07-01,Metro North,CABOOLTURE DENTAL CLINIC,4784,4784.00,0.00,0.0000
2020-07-01,Metro North,REDCLIFFE DENTAL CLINIC,2738,2738.25,0.25,0.0001
2020-07-01,Metro North,SANDGATE DENTAL CLINIC,1537,1537.00,0.00,0.0000
2020-07-01,Metro North,STAFFORD DENTAL CLINIC,2252,2252.00,0.00,0.0000
2020-07-01,Metro South,KINGSTON LOGAN CLUSTER,4841,4841.00,0.00,0.0000
2020-07-01,Metro South,NATHAN INALA CLUSTER,6988,6988.00,0.00,0.0000
2020-07-01,Metro South,BAYSIDE CLUSTER,7148,7148.00,0.00,0.0000
2020-07-01,Metro South,BEENLEIGH BEAUDESERT CLUS,10226,10226.00,0.00,0.0000
2020-07-01,Metro South,MS INNER BRISBANE CLUSTER,5466,5466.00,0.00,0.0000
2020-07-01,North West,MT ISA DENTAL CLINIC,667,667.00,0.00,0.0000
2020-07-01,North West,MORNINGTON ISLAND DENTAL,204,204.00,0.00,0.0000
2020-07-01,North West,CLONCURRY DENTAL,114,114.00,0.00,0.0000
2020-07-01,South West,CUNNAMULLA DENTAL CLINIC,80,80.00,0.00,0.0000
2020-07-01,South West,DIRRANBANDI DENTAL CLINIC,19,19.00,0.00,0.0000
2020-07-01,South West,MUNGINDI DENTAL CLINIC,26,26.00,0.00,0.0000
2020-07-01,South West,MITCHELL DENTAL CLINIC,91,91.00,0.00,0.0000
2020-07-01,South West,THARGOMINDAH DENTAL SERVI,14,14.00,0.00,0.0000
2020-07-01,South West,SURAT DENTAL CLINIC,39,39.00,0.00,0.0000
2020-07-01,South West,ST GEORGE DENTAL CLINIC,82,82.00,0.00,0.0000
2020-07-01,South West,ROMA HOSPITAL DENTAL CLIN,579,579.00,0.00,0.0000
2020-07-01,South West,AUGATHELLA DENTAL CLINIC,11,11.00,0.00,0.0000
2020-07-01,South West,INJUNE DENTAL CLINIC,23,23.00,0.00,0.0000
2020-07-01,South West,CHARLEVILLE DENTAL CLINIC,243,243.00,0.00,0.0000
2020-07-01,South West,QUILPIE DENTAL CLINIC,29,29.00,0.00,0.0000
2020-07-01,Sunshine Coast,NOOSA DENTAL CLINIC,1466,1470.00,4.00,0.0027
2020-07-01,Sunshine Coast,KAWANA DENTAL CLINIC,3045,3056.50,11.50,0.0038
2020-07-01,Sunshine Coast,GYMPIE DENTAL CLINIC,2260,2260.00,0.00,0.0000
2020-07-01,Sunshine Coast,SCUH DENTAL CLINIC,NULL,NULL,NULL,NULL
2020-07-01,Sunshine Coast,CALOUNDRA DENTAL CLINIC,3540,3540.75,0.75,0.0002
2020-07-01,Sunshine Coast,NAMBOUR DENTAL CLINIC,1742,1742.00,0.00,0.0000
2020-07-01,Torres and Cape,CAPE YORK DENTAL CLINIC,421,429.00,8.00,0.0186
2020-07-01,Torres and Cape,TORRES STRAIT DENTAL CLINIC,212,213.25,1.25,0.0059
2020-07-01,Townsville,RICHMOND DENTAL CLINIC,5,5.00,0.00,0.0000
2020-07-01,Townsville,INGHAM DENTAL CLINIC,129,129.00,0.00,0.0000
2020-07-01,Townsville,CHARTERS TOWERS DENTAL CL,222,222.00,0.00,0.0000
2020-07-01,Townsville,AYR DENTAL CLINIC,139,139.00,0.00,0.0000
2020-07-01,Townsville,TOWNSVILLE DENTAL CLINIC,1991,1991.00,0.00,0.0000
2020-07-01,Townsville,HUGHENDEN DENTAL CLINIC,23,23.00,0.00,0.0000
2020-07-01,West Moreton,BOONAH DENTAL CLINIC,359,368.75,9.75,0.0264
2020-07-01,West Moreton,IPSWICH DENTAL CLINIC,5644,5857.50,213.50,0.0364
2020-07-01,West Moreton,LAIDLEY DENTAL CLINIC,1346,1385.50,39.50,0.0285
2020-07-01,West Moreton,GATTON DENTAL CLINIC,145,151.75,6.75,0.0445
2020-07-01,West Moreton,ESK DENTAL CLINIC,534,553.00,19.00,0.0344
2020-07-01,West Moreton,COLLINGWOOD PARK DENTAL C,2087,2143.25,56.25,0.0262
2020-07-01,Wide Bay,HERVEY BAY DENTAL CLINIC,2578,2578.00,0.00,0.0000
2020-07-01,Wide Bay,MARYBOROUGH DENTAL CLINIC,2085,2085.00,0.00,0.0000
2020-07-01,Wide Bay,MONTO DENTAL CLINIC,89,89.00,0.00,0.0000
2020-07-01,Wide Bay,CHILDERS DENTAL CLINIC,221,221.00,0.00,0.0000
2020-07-01,Wide Bay,GAYNDAH DENTAL CLINIC,339,339.00,0.00,0.0000
2020-07-01,Wide Bay,BUNDABERG DENTAL CLINIC,3706,3706.00,0.00,0.0000
2020-07-01,Wide Bay,MUNDUBBERA DENTAL CLINIC,115,115.00,0.00,0.0000
2020-10-01,Cairns and Hinterland,MAREEBA DENTAL CLINIC,NULL,NULL,NULL,NULL
2020-10-01,Cairns and Hinterland,ATHERTON DENTAL CLINIC,NULL,NULL,NULL,NULL
2020-10-01,Cairns and Hinterland,YARRABAH DENTAL CLINIC,NULL,NULL,NULL,NULL
2020-10-01,Cairns and Hinterland,TULLY DENTAL CLINIC,NULL,NULL,NULL,NULL
2020-10-01,Cairns and Hinterland,SMITHFIELD DENTAL CLINIC,NULL,NULL,NULL,NULL
2020-10-01,Cairns and Hinterland,GEORGETOWN DENTAL CLINIC,NULL,NULL,NULL,NULL
2020-10-01,Cairns and Hinterland,EDMONTON DENTAL CLINIC,NULL,NULL,NULL,NULL
2020-10-01,Cairns and Hinterland,CAIRNS NTH DENTAL CLINIC,NULL,NULL,NULL,NULL
2020-10-01,Cairns and Hinterland,CROYDON DENTAL CLINIC,NULL,NULL,NULL,NULL
2020-10-01,Cairns and Hinterland,CHILLAGOE DENTAL CLINIC,NULL,NULL,NULL,NULL
2020-10-01,Cairns and Hinterland,INNISFAIL DENTAL CLINIC,NULL,NULL,NULL,NULL
2020-10-01,Cairns and Hinterland,MOSSMAN DENTAL CLINIC,NULL,NULL,NULL,NULL
2020-10-01,Central Queensland,BILOELA DENTAL CLINIC,NULL,NULL,NULL,NULL
2020-10-01,Central Queensland,MT MORGAN DENTAL CLINIC,NULL,NULL,NULL,NULL
2020-10-01,Central Queensland,CAPRICORN COAST DENTAL,NULL,NULL,NULL,NULL
2020-10-01,Central Queensland,GLADSTONE DENTAL CLINIC,NULL,NULL,NULL,NULL
2020-10-01,Central Queensland,EMERALD DENTAL CLINIC,NULL,NULL,NULL,NULL
2020-10-01,Central Queensland,ROCKHAMPTON DENTAL CLINIC,NULL,NULL,NULL,NULL
2020-10-01,Central West,CENTRAL WEST DENTAL CLINICS,NULL,NULL,NULL,NULL
2020-10-01,Darling Downs,WARWICK DENTAL CLINIC,NULL,NULL,NULL,NULL
2020-10-01,Darling Downs,INGLEWOOD DENTAL CLINIC,NULL,NULL,NULL,NULL
2020-10-01,Darling Downs,GOONDIWINDI DENTAL CLINIC,NULL,NULL,NULL,NULL
2020-10-01,Darling Downs,KINGAROY DENTAL CLINIC,NULL,NULL,NULL,NULL
2020-10-01,Darling Downs,STANTHORPE DENTAL CLINIC,NULL,NULL,NULL,NULL
2020-10-01,Darling Downs,TOOWOOMBA DENTAL CLINIC,NULL,NULL,NULL,NULL
2020-10-01,Darling Downs,DALBY DENTAL CLINIC,NULL,NULL,NULL,NULL
2020-10-01,Darling Downs,MILES DENTAL CLINIC,NULL,NULL,NULL,NULL
2020-10-01,Gold Coast,PALM BEACH DENTAL CLINIC,NULL,NULL,NULL,NULL
2020-10-01,Gold Coast,GCUH DENTAL CLINIC,NULL,NULL,NULL,NULL
2020-10-01,Gold Coast,GC SOUTHPORT HEALTH PREC,NULL,NULL,NULL,NULL
2020-10-01,Gold Coast,ROBINA DENTAL CLINIC,NULL,NULL,NULL,NULL
2020-10-01,Mackay,BOWEN DENTAL CLINIC,NULL,NULL,NULL,NULL
2020-10-01,Mackay,MACKAY DENTAL CLINIC,NULL,NULL,NULL,NULL
2020-10-01,Mackay,COLLINSVILLE DENTAL CLINI,NULL,NULL,NULL,NULL
2020-10-01,Mackay,PROSERPINE DENTAL,NULL,NULL,NULL,NULL
2020-10-01,Mackay,CLERMONT DENTAL CLINIC,NULL,NULL,NULL,NULL
2020-10-01,Metro North,CABOOLTURE DENTAL CLINIC,NULL,NULL,NULL,NULL
2020-10-01,Metro North,ORAL HEALTH CENTRE,NULL,NULL,NULL,NULL
2020-10-01,Metro North,PINE RIVERS DENTAL CLINIC,NULL,NULL,NULL,NULL
2020-10-01,Metro North,REDCLIFFE DENTAL CLINIC,NULL,NULL,NULL,NULL
2020-10-01,Metro North,SANDGATE DENTAL CLINIC,NULL,NULL,NULL,NULL
2020-10-01,Metro North,STAFFORD DENTAL CLINIC,NULL,NULL,NULL,NULL
2020-10-01,Metro South,BEENLEIGH BEAUDESERT CLUS,NULL,NULL,NULL,NULL
2020-10-01,Metro South,BAYSIDE CLUSTER,NULL,NULL,NULL,NULL
2020-10-01,Metro South,MS INNER BRISBANE CLUSTER,NULL,NULL,NULL,NULL
2020-10-01,Metro South,KINGSTON LOGAN CLUSTER,NULL,NULL,NULL,NULL
2020-10-01,Metro South,NATHAN INALA CLUSTER,NULL,NULL,NULL,NULL
2020-10-01,North West,CLONCURRY DENTAL,NULL,NULL,NULL,NULL
2020-10-01,North West,MT ISA DENTAL CLINIC,NULL,NULL,NULL,NULL
2020-10-01,North West,MORNINGTON ISLAND DENTAL,NULL,NULL,NULL,NULL
2020-10-01,South West,SURAT DENTAL CLINIC,NULL,NULL,NULL,NULL
2020-10-01,South West,ST GEORGE DENTAL CLINIC,NULL,NULL,NULL,NULL
2020-10-01,South West,DIRRANBANDI DENTAL CLINIC,NULL,NULL,NULL,NULL
2020-10-01,South West,INJUNE DENTAL CLINIC,NULL,NULL,NULL,NULL
2020-10-01,South West,AUGATHELLA DENTAL CLINIC,NULL,NULL,NULL,NULL
2020-10-01,South West,CUNNAMULLA DENTAL CLINIC,NULL,NULL,NULL,NULL
2020-10-01,South West,CHARLEVILLE DENTAL CLINIC,NULL,NULL,NULL,NULL
2020-10-01,South West,MITCHELL DENTAL CLINIC,NULL,NULL,NULL,NULL
2020-10-01,South West,MUNGINDI DENTAL CLINIC,NULL,NULL,NULL,NULL
2020-10-01,South West,THARGOMINDAH DENTAL SERVI,NULL,NULL,NULL,NULL
2020-10-01,South West,ROMA HOSPITAL DENTAL CLIN,NULL,NULL,NULL,NULL
2020-10-01,South West,QUILPIE DENTAL CLINIC,NULL,NULL,NULL,NULL
2020-10-01,Sunshine Coast,NAMBOUR DENTAL CLINIC,NULL,NULL,NULL,NULL
2020-10-01,Sunshine Coast,KAWANA DENTAL CLINIC,NULL,NULL,NULL,NULL
2020-10-01,Sunshine Coast,GYMPIE DENTAL CLINIC,NULL,NULL,NULL,NULL
2020-10-01,Sunshine Coast,CALOUNDRA DENTAL CLINIC,NULL,NULL,NULL,NULL
2020-10-01,Sunshine Coast,NOOSA DENTAL CLINIC,NULL,NULL,NULL,NULL
2020-10-01,Torres and Cape,TORRES STRAIT DENTAL CLINIC,NULL,NULL,NULL,NULL
2020-10-01,Torres and Cape,CAPE YORK DENTAL CLINIC,NULL,NULL,NULL,NULL
2020-10-01,Townsville,TOWNSVILLE DENTAL CLINIC,NULL,NULL,NULL,NULL
2020-10-01,Townsville,RICHMOND DENTAL CLINIC,NULL,NULL,NULL,NULL
2020-10-01,Townsville,AYR DENTAL CLINIC,NULL,NULL,NULL,NULL
2020-10-01,Townsville,INGHAM DENTAL CLINIC,NULL,NULL,NULL,NULL
2020-10-01,Townsville,CHARTERS TOWERS DENTAL CL,NULL,NULL,NULL,NULL
2020-10-01,Townsville,HUGHENDEN DENTAL CLINIC,NULL,NULL,NULL,NULL
2020-10-01,West Moreton,LAIDLEY DENTAL CLINIC,NULL,NULL,NULL,NULL
2020-10-01,West Moreton,BOONAH DENTAL CLINIC,NULL,NULL,NULL,NULL
2020-10-01,West Moreton,IPSWICH DENTAL CLINIC,NULL,NULL,NULL,NULL
2020-10-01,West Moreton,COLLINGWOOD PARK DENTAL C,NULL,NULL,NULL,NULL
2020-10-01,West Moreton,ESK DENTAL CLINIC,NULL,NULL,NULL,NULL
2020-10-01,West Moreton,GATTON DENTAL CLINIC,NULL,NULL,NULL,NULL
2020-10-01,Wide Bay,MUNDUBBERA DENTAL CLINIC,NULL,NULL,NULL,NULL
2020-10-01,Wide Bay,BUNDABERG DENTAL CLINIC,NULL,NULL,NULL,NULL
2020-10-01,Wide Bay,GAYNDAH DENTAL CLINIC,NULL,NULL,NULL,NULL
2020-10-01,Wide Bay,MONTO DENTAL CLINIC,NULL,NULL,NULL,NULL
2020-10-01,Wide Bay,CHILDERS DENTAL CLINIC,NULL,NULL,NULL,NULL
2020-10-01,Wide Bay,HERVEY BAY DENTAL CLINIC,NULL,NULL,NULL,NULL
2020-10-01,Wide Bay,MARYBOROUGH DENTAL CLINIC,NULL,NULL,NULL,NULL
2021-01-01,Cairns and Hinterland,MAREEBA DENTAL CLINIC,1171,1171.00,0.00,0.0000
2021-01-01,Cairns and Hinterland,ATHERTON DENTAL CLINIC,1143,1149.50,6.50,0.0057
2021-01-01,Cairns and Hinterland,YARRABAH DENTAL CLINIC,2,2.00,0.00,0.0000
2021-01-01,Cairns and Hinterland,TULLY DENTAL CLINIC,670,670.00,0.00,0.0000
2021-01-01,Cairns and Hinterland,SMITHFIELD DENTAL CLINIC,1432,1432.00,0.00,0.0000
2021-01-01,Cairns and Hinterland,GEORGETOWN DENTAL CLINIC,2,2.00,0.00,0.0000
2021-01-01,Cairns and Hinterland,EDMONTON DENTAL CLINIC,1872,1872.00,0.00,0.0000
2021-01-01,Cairns and Hinterland,CAIRNS NTH DENTAL CLINIC,3237,3262.25,25.25,0.0077
2021-01-01,Cairns and Hinterland,CROYDON DENTAL CLINIC,1,1.00,0.00,0.0000
2021-01-01,Cairns and Hinterland,CHILLAGOE DENTAL CLINIC,0,0.00,0.00,0
2021-01-01,Cairns and Hinterland,INNISFAIL DENTAL CLINIC,1308,1395.25,87.25,0.0625
2021-01-01,Cairns and Hinterland,MOSSMAN DENTAL CLINIC,700,700.00,0.00,0.0000
2021-01-01,Central Queensland,BILOELA DENTAL CLINIC,216,216.00,0.00,0.0000
2021-01-01,Central Queensland,MT MORGAN DENTAL CLINIC,212,212.00,0.00,0.0000
2021-01-01,Central Queensland,CAPRICORN COAST DENTAL,1456,1456.00,0.00,0.0000
2021-01-01,Central Queensland,GLADSTONE DENTAL CLINIC,1861,1861.00,0.00,0.0000
2021-01-01,Central Queensland,EMERALD DENTAL CLINIC,451,451.00,0.00,0.0000
2021-01-01,Central Queensland,ROCKHAMPTON DENTAL CLINIC,3673,3673.00,0.00,0.0000
2021-01-01,Central West,CENTRAL WEST DENTAL CLINICS,643,643.50,0.50,0.0008
2021-01-01,Darling Downs,WARWICK DENTAL CLINIC,566,566.50,0.50,0.0009
2021-01-01,Darling Downs,INGLEWOOD DENTAL CLINIC,120,120.00,0.00,0.0000
2021-01-01,Darling Downs,GOONDIWINDI DENTAL CLINIC,191,191.00,0.00,0.0000
2021-01-01,Darling Downs,KINGAROY DENTAL CLINIC,2439,2458.25,19.25,0.0078
2021-01-01,Darling Downs,STANTHORPE DENTAL CLINIC,575,575.00,0.00,0.0000
2021-01-01,Darling Downs,TOOWOOMBA DENTAL CLINIC,3923,3923.00,0.00,0.0000
2021-01-01,Darling Downs,DALBY DENTAL CLINIC,954,954.00,0.00,0.0000
2021-01-01,Darling Downs,MILES DENTAL CLINIC,334,334.00,0.00,0.0000
2021-01-01,Gold Coast,PALM BEACH DENTAL CLINIC,1188,1188.00,0.00,0.0000
2021-01-01,Gold Coast,GCUH DENTAL CLINIC,14,14.00,0.00,0.0000
2021-01-01,Gold Coast,GC SOUTHPORT HEALTH PREC,5875,5875.00,0.00,0.0000
2021-01-01,Gold Coast,ROBINA DENTAL CLINIC,1957,1957.00,0.00,0.0000
2021-01-01,Mackay,BOWEN DENTAL CLINIC,929,929.00,0.00,0.0000
2021-01-01,Mackay,MACKAY DENTAL CLINIC,4536,4536.00,0.00,0.0000
2021-01-01,Mackay,COLLINSVILLE DENTAL CLINI,152,152.00,0.00,0.0000
2021-01-01,Mackay,PROSERPINE DENTAL,1040,1040.00,0.00,0.0000
2021-01-01,Mackay,CLERMONT DENTAL CLINIC,123,123.00,0.00,0.0000
2021-01-01,Metro North,CABOOLTURE DENTAL CLINIC,4364,4364.00,0.00,0.0000
2021-01-01,Metro North,ORAL HEALTH CENTRE,5339,5339.25,0.25,0.0000
2021-01-01,Metro North,PINE RIVERS DENTAL CLINIC,2120,2120.00,0.00,0.0000
2021-01-01,Metro North,REDCLIFFE DENTAL CLINIC,2607,2607.00,0.00,0.0000
2021-01-01,Metro North,SANDGATE DENTAL CLINIC,1479,1479.00,0.00,0.0000
2021-01-01,Metro North,STAFFORD DENTAL CLINIC,2262,2262.00,0.00,0.0000
2021-01-01,Metro South,BEENLEIGH BEAUDESERT CLUS,10140,10140.00,0.00,0.0000
2021-01-01,Metro South,BAYSIDE CLUSTER,6619,6619.00,0.00,0.0000
2021-01-01,Metro South,MS INNER BRISBANE CLUSTER,5428,5428.00,0.00,0.0000
2021-01-01,Metro South,KINGSTON LOGAN CLUSTER,5006,5006.00,0.00,0.0000
2021-01-01,Metro South,NATHAN INALA CLUSTER,6766,6766.00,0.00,0.0000
2021-01-01,North West,CLONCURRY DENTAL,128,128.00,0.00,0.0000
2021-01-01,North West,MT ISA DENTAL CLINIC,785,787.00,2.00,0.0025
2021-01-01,North West,MORNINGTON ISLAND DENTAL,280,282.50,2.50,0.0088
2021-01-01,South West,SURAT DENTAL CLINIC,51,51.00,0.00,0.0000
2021-01-01,South West,ST GEORGE DENTAL CLINIC,88,88.00,0.00,0.0000
2021-01-01,South West,DIRRANBANDI DENTAL CLINIC,20,20.00,0.00,0.0000
2021-01-01,South West,INJUNE DENTAL CLINIC,28,28.00,0.00,0.0000
2021-01-01,South West,AUGATHELLA DENTAL CLINIC,5,5.00,0.00,0.0000
2021-01-01,South West,CUNNAMULLA DENTAL CLINIC,90,90.00,0.00,0.0000
2021-01-01,South West,CHARLEVILLE DENTAL CLINIC,267,267.00,0.00,0.0000
2021-01-01,South West,MITCHELL DENTAL CLINIC,92,92.00,0.00,0.0000
2021-01-01,South West,MUNGINDI DENTAL CLINIC,34,34.00,0.00,0.0000
2021-01-01,South West,THARGOMINDAH DENTAL SERVI,14,14.00,0.00,0.0000
2021-01-01,South West,ROMA HOSPITAL DENTAL CLIN,594,594.00,0.00,0.0000
2021-01-01,South West,QUILPIE DENTAL CLINIC,22,22.00,0.00,0.0000
2021-01-01,Sunshine Coast,NAMBOUR DENTAL CLINIC,1929,1929.00,0.00,0.0000
2021-01-01,Sunshine Coast,KAWANA DENTAL CLINIC,2998,2999.25,1.25,0.0004
2021-01-01,Sunshine Coast,GYMPIE DENTAL CLINIC,2001,2001.00,0.00,0.0000
2021-01-01,Sunshine Coast,CALOUNDRA DENTAL CLINIC,3452,3452.00,0.00,0.0000
2021-01-01,Sunshine Coast,NOOSA DENTAL CLINIC,1508,1508.00,0.00,0.0000
2021-01-01,Torres and Cape,TORRES STRAIT DENTAL CLINIC,172,177.50,5.50,0.0310
2021-01-01,Torres and Cape,CAPE YORK DENTAL CLINIC,648,678.00,30.00,0.0442
2021-01-01,Townsville,TOWNSVILLE DENTAL CLINIC,2229,2229.00,0.00,0.0000
2021-01-01,Townsville,RICHMOND DENTAL CLINIC,8,8.00,0.00,0.0000
2021-01-01,Townsville,AYR DENTAL CLINIC,122,122.00,0.00,0.0000
2021-01-01,Townsville,INGHAM DENTAL CLINIC,189,189.00,0.00,0.0000
2021-01-01,Townsville,CHARTERS TOWERS DENTAL CL,208,208.00,0.00,0.0000
2021-01-01,Townsville,HUGHENDEN DENTAL CLINIC,34,34.00,0.00,0.0000
2021-01-01,West Moreton,LAIDLEY DENTAL CLINIC,1261,1297.25,36.25,0.0279
2021-01-01,West Moreton,BOONAH DENTAL CLINIC,318,329.25,11.25,0.0342
2021-01-01,West Moreton,IPSWICH DENTAL CLINIC,5162,5291.50,129.50,0.0245
2021-01-01,West Moreton,COLLINGWOOD PARK DENTAL C,2027,2086.75,59.75,0.0286
2021-01-01,West Moreton,ESK DENTAL CLINIC,480,497.00,17.00,0.0342
2021-01-01,West Moreton,GATTON DENTAL CLINIC,109,115.25,6.25,0.0542
2021-01-01,Wide Bay,MUNDUBBERA DENTAL CLINIC,130,130.00,0.00,0.0000
2021-01-01,Wide Bay,BUNDABERG DENTAL CLINIC,3816,3816.00,0.00,0.0000
2021-01-01,Wide Bay,GAYNDAH DENTAL CLINIC,367,367.00,0.00,0.0000
2021-01-01,Wide Bay,MONTO DENTAL CLINIC,72,72.00,0.00,0.0000
2021-01-01,Wide Bay,CHILDERS DENTAL CLINIC,215,215.00,0.00,0.0000
2021-01-01,Wide Bay,HERVEY BAY DENTAL CLINIC,2940,2940.00,0.00,0.0000
2021-01-01,Wide Bay,MARYBOROUGH DENTAL CLINIC,1899,1899.00,0.00,0.0000
2021-04-01,Cairns and Hinterland,CAIRNS NTH DENTAL CLINIC,3314,3382.25,68.25,0.0202
2021-04-01,Cairns and Hinterland,YARRABAH DENTAL CLINIC,4,4.00,0.00,0.0000
2021-04-01,Cairns and Hinterland,TULLY DENTAL CLINIC,749,749.00,0.00,0.0000
2021-04-01,Cairns and Hinterland,CROYDON DENTAL CLINIC,1,1.00,0.00,0.0000
2021-04-01,Cairns and Hinterland,EDMONTON DENTAL CLINIC,1961,1961.00,0.00,0.0000
2021-04-01,Cairns and Hinterland,MAREEBA DENTAL CLINIC,1172,1172.00,0.00,0.0000
2021-04-01,Cairns and Hinterland,GEORGETOWN DENTAL CLINIC,3,3.00,0.00,0.0000
2021-04-01,Cairns and Hinterland,INNISFAIL DENTAL CLINIC,1378,1503.00,125.00,0.0832
2021-04-01,Cairns and Hinterland,MOSSMAN DENTAL CLINIC,695,697.00,2.00,0.0029
2021-04-01,Cairns and Hinterland,SMITHFIELD DENTAL CLINIC,1430,1430.00,0.00,0.0000
2021-04-01,Cairns and Hinterland,ATHERTON DENTAL CLINIC,1112,1117.00,5.00,0.0045
2021-04-01,Central Queensland,CAPRICORN COAST DENTAL,1533,1533.00,0.00,0.0000
2021-04-01,Central Queensland,GLADSTONE DENTAL CLINIC,1827,1827.00,0.00,0.0000
2021-04-01,Central Queensland,ROCKHAMPTON DENTAL CLINIC,3661,3661.00,0.00,0.0000
2021-04-01,Central Queensland,EMERALD DENTAL CLINIC,488,488.00,0.00,0.0000
2021-04-01,Central Queensland,MT MORGAN DENTAL CLINIC,205,205.00,0.00,0.0000
2021-04-01,Central Queensland,BILOELA DENTAL CLINIC,244,244.00,0.00,0.0000
2021-04-01,Central West,CENTRAL WEST DENTAL CLINICS,770,770.00,0.00,0.0000
2021-04-01,Darling Downs,GOONDIWINDI DENTAL CLINIC,205,205.00,0.00,0.0000
2021-04-01,Darling Downs,INGLEWOOD DENTAL CLINIC,147,147.00,0.00,0.0000
2021-04-01,Darling Downs,TOOWOOMBA DENTAL CLINIC,3868,3868.00,0.00,0.0000
2021-04-01,Darling Downs,STANTHORPE DENTAL CLINIC,572,572.00,0.00,0.0000
2021-04-01,Darling Downs,MILES DENTAL CLINIC,324,324.00,0.00,0.0000
2021-04-01,Darling Downs,KINGAROY DENTAL CLINIC,2415,2450.00,35.00,0.0143
2021-04-01,Darling Downs,WARWICK DENTAL CLINIC,541,541.00,0.00,0.0000
2021-04-01,Darling Downs,DALBY DENTAL CLINIC,937,937.00,0.00,0.0000
2021-04-01,Gold Coast,ROBINA DENTAL CLINIC,1953,1965.00,12.00,0.0061
2021-04-01,Gold Coast,PALM BEACH DENTAL CLINIC,1152,1160.50,8.50,0.0073
2021-04-01,Gold Coast,GCUH DENTAL CLINIC,15,15.25,0.25,0.0164
2021-04-01,Gold Coast,GC SOUTHPORT HEALTH PREC,6170,6196.25,26.25,0.0042
2021-04-01,Mackay,COLLINSVILLE DENTAL CLINI,105,105.00,0.00,0.0000
2021-04-01,Mackay,BOWEN DENTAL CLINIC,932,932.00,0.00,0.0000
2021-04-01,Mackay,CLERMONT DENTAL CLINIC,198,198.00,0.00,0.0000
2021-04-01,Mackay,MACKAY DENTAL CLINIC,4544,4544.00,0.00,0.0000
2021-04-01,Mackay,PROSERPINE DENTAL,973,973.00,0.00,0.0000
2021-04-01,Metro North,PINE RIVERS DENTAL CLINIC,2176,2176.00,0.00,0.0000
2021-04-01,Metro North,ORAL HEALTH CENTRE,4852,4852.00,0.00,0.0000
2021-04-01,Metro North,CABOOLTURE DENTAL CLINIC,4654,4654.00,0.00,0.0000
2021-04-01,Metro North,REDCLIFFE DENTAL CLINIC,2742,2742.00,0.00,0.0000
2021-04-01,Metro North,SANDGATE DENTAL CLINIC,1559,1559.00,0.00,0.0000
2021-04-01,Metro North,STAFFORD DENTAL CLINIC,2407,2407.00,0.00,0.0000
2021-04-01,Metro South,NATHAN INALA CLUSTER,6481,6481.00,0.00,0.0000
2021-04-01,Metro South,MS INNER BRISBANE CLUSTER,5278,5278.00,0.00,0.0000
2021-04-01,Metro South,KINGSTON LOGAN CLUSTER,5016,5016.00,0.00,0.0000
2021-04-01,Metro South,BEENLEIGH BEAUDESERT CLUS,9741,9741.00,0.00,0.0000
2021-04-01,Metro South,BAYSIDE CLUSTER,6462,6462.00,0.00,0.0000
2021-04-01,North West,CLONCURRY DENTAL,137,137.50,0.50,0.0036
2021-04-01,North West,MT ISA DENTAL CLINIC,773,806.00,33.00,0.0409
2021-04-01,North West,MORNINGTON ISLAND DENTAL,248,261.50,13.50,0.0516
2021-04-01,South West,INJUNE DENTAL CLINIC,19,19.00,0.00,0.0000
2021-04-01,South West,DIRRANBANDI DENTAL CLINIC,18,18.00,0.00,0.0000
2021-04-01,South West,THARGOMINDAH DENTAL SERVI,3,3.00,0.00,0.0000
2021-04-01,South West,SURAT DENTAL CLINIC,49,49.00,0.00,0.0000
2021-04-01,South West,CHARLEVILLE DENTAL CLINIC,266,266.00,0.00,0.0000
2021-04-01,South West,CUNNAMULLA DENTAL CLINIC,79,79.00,0.00,0.0000
2021-04-01,South West,ST GEORGE DENTAL CLINIC,65,65.00,0.00,0.0000
2021-04-01,South West,QUILPIE DENTAL CLINIC,17,17.00,0.00,0.0000
2021-04-01,South West,AUGATHELLA DENTAL CLINIC,1,1.00,0.00,0.0000
2021-04-01,South West,ROMA HOSPITAL DENTAL CLIN,571,571.00,0.00,0.0000
2021-04-01,South West,MUNGINDI DENTAL CLINIC,22,22.00,0.00,0.0000
2021-04-01,South West,MITCHELL DENTAL CLINIC,73,73.00,0.00,0.0000
2021-04-01,Sunshine Coast,GYMPIE DENTAL CLINIC,2279,2279.00,0.00,0.0000
2021-04-01,Sunshine Coast,NOOSA DENTAL CLINIC,1658,1658.00,0.00,0.0000
2021-04-01,Sunshine Coast,NAMBOUR DENTAL CLINIC,2126,2126.00,0.00,0.0000
2021-04-01,Sunshine Coast,KAWANA DENTAL CLINIC,3300,3300.00,0.00,0.0000
2021-04-01,Sunshine Coast,CALOUNDRA DENTAL CLINIC,3887,3887.00,0.00,0.0000
2021-04-01,Torres and Cape,TORRES STRAIT DENTAL CLINIC,251,255.25,4.25,0.0167
2021-04-01,Torres and Cape,CAPE YORK DENTAL CLINIC,659,698.00,39.00,0.0559
2021-04-01,Townsville,AYR DENTAL CLINIC,96,96.00,0.00,0.0000
2021-04-01,Townsville,INGHAM DENTAL CLINIC,226,226.00,0.00,0.0000
2021-04-01,Townsville,RICHMOND DENTAL CLINIC,9,9.00,0.00,0.0000
2021-04-01,Townsville,TOWNSVILLE DENTAL CLINIC,2225,2225.00,0.00,0.0000
2021-04-01,Townsville,CHARTERS TOWERS DENTAL CL,180,180.00,0.00,0.0000
2021-04-01,Townsville,HUGHENDEN DENTAL CLINIC,32,32.00,0.00,0.0000
2021-04-01,West Moreton,BOONAH DENTAL CLINIC,349,367.00,18.00,0.0490
2021-04-01,West Moreton,IPSWICH DENTAL CLINIC,5730,5949.75,219.75,0.0369
2021-04-01,West Moreton,LAIDLEY DENTAL CLINIC,1381,1445.75,64.75,0.0448
2021-04-01,West Moreton,GATTON DENTAL CLINIC,119,129.00,10.00,0.0775
2021-04-01,West Moreton,ESK DENTAL CLINIC,505,532.25,27.25,0.0512
2021-04-01,West Moreton,COLLINGWOOD PARK DENTAL C,2090,2180.25,90.25,0.0414
2021-04-01,Wide Bay,HERVEY BAY DENTAL CLINIC,2969,2969.00,0.00,0.0000
2021-04-01,Wide Bay,GAYNDAH DENTAL CLINIC,340,340.00,0.00,0.0000
2021-04-01,Wide Bay,MARYBOROUGH DENTAL CLINIC,1685,1685.00,0.00,0.0000
2021-04-01,Wide Bay,MONTO DENTAL CLINIC,68,68.00,0.00,0.0000
2021-04-01,Wide Bay,CHILDERS DENTAL CLINIC,213,213.00,0.00,0.0000
2021-04-01,Wide Bay,BUNDABERG DENTAL CLINIC,3384,3384.00,0.00,0.0000
2021-04-01,Wide Bay,MUNDUBBERA DENTAL CLINIC,129,129.00,0.00,0.0000
2022-07-01,Cairns and Hinterland,ATHERTON DENTAL CLINIC,930,930.00,0.00,0.0000
2022-07-01,Cairns and Hinterland,YARRABAH DENTAL CLINIC,0,0.00,0.00,0
2022-07-01,Cairns and Hinterland,CHILLAGOE DENTAL CLINIC,0,0.00,0.00,0
2022-07-01,Cairns and Hinterland,CAIRNS NTH DENTAL CLINIC,2711,2711.00,0.00,0.0000
2022-07-01,Cairns and Hinterland,INNISFAIL DENTAL CLINIC,841,841.00,0.00,0.0000
2022-07-01,Cairns and Hinterland,MOSSMAN DENTAL CLINIC,546,546.00,0.00,0.0000
2022-07-01,Cairns and Hinterland,MAREEBA DENTAL CLINIC,1137,1137.00,0.00,0.0000
2022-07-01,Cairns and Hinterland,SMITHFIELD DENTAL CLINIC,1029,1029.00,0.00,0.0000
2022-07-01,Cairns and Hinterland,TULLY DENTAL CLINIC,686,686.00,0.00,0.0000
2022-07-01,Cairns and Hinterland,EDMONTON DENTAL CLINIC,1706,1706.00,0.00,0.0000
2022-07-01,Central Queensland,ROCKHAMPTON DENTAL CLINIC,3537,3537.00,0.00,0.0000
2022-07-01,Central Queensland,CAPRICORN COAST DENTAL,1447,1447.00,0.00,0.0000
2022-07-01,Central Queensland,BILOELA DENTAL CLINIC,181,181.00,0.00,0.0000
2022-07-01,Central Queensland,MT MORGAN DENTAL CLINIC,167,167.00,0.00,0.0000
2022-07-01,Central Queensland,GLADSTONE DENTAL CLINIC,1783,1783.00,0.00,0.0000
2022-07-01,Central Queensland,EMERALD DENTAL CLINIC,442,442.00,0.00,0.0000
2022-07-01,Central West,CENTRAL WEST DENTAL CLINICS,856,856.00,0.00,0.0000
2022-07-01,Darling Downs,TOOWOOMBA DENTAL CLINIC,3797,3797.00,0.00,0.0000
2022-07-01,Darling Downs,DALBY DENTAL CLINIC,949,949.00,0.00,0.0000
2022-07-01,Darling Downs,MILES DENTAL CLINIC,299,299.00,0.00,0.0000
2022-07-01,Darling Downs,KINGAROY DENTAL CLINIC,2406,2444.50,38.50,0.0157
2022-07-01,Darling Downs,INGLEWOOD DENTAL CLINIC,102,102.00,0.00,0.0000
2022-07-01,Darling Downs,GOONDIWINDI DENTAL CLINIC,172,172.00,0.00,0.0000
2022-07-01,Darling Downs,WARWICK DENTAL CLINIC,658,658.00,0.00,0.0000
2022-07-01,Darling Downs,STANTHORPE DENTAL CLINIC,619,619.00,0.00,0.0000
2022-07-01,Gold Coast,PALM BEACH DENTAL CLINIC,855,855.00,0.00,0.0000
2022-07-01,Gold Coast,ROBINA DENTAL CLINIC,1071,1071.00,0.00,0.0000
2022-07-01,Gold Coast,GCUH DENTAL CLINIC,18,18.00,0.00,0.0000
2022-07-01,Gold Coast,GC SOUTHPORT HEALTH PREC,8008,8008.00,0.00,0.0000
2022-07-01,Mackay,PROSERPINE DENTAL,834,834.00,0.00,0.0000
2022-07-01,Mackay,CLERMONT DENTAL CLINIC,147,147.00,0.00,0.0000
2022-07-01,Mackay,COLLINSVILLE DENTAL CLINI,153,153.00,0.00,0.0000
2022-07-01,Mackay,BOWEN DENTAL CLINIC,787,787.00,0.00,0.0000
2022-07-01,Mackay,MACKAY DENTAL CLINIC,4415,4415.00,0.00,0.0000
2022-07-01,Metro North,PINE RIVERS DENTAL CLINIC,1818,1818.00,0.00,0.0000
2022-07-01,Metro North,ORAL HEALTH CENTRE,4011,4011.00,0.00,0.0000
2022-07-01,Metro North,SANDGATE DENTAL CLINIC,1233,1233.00,0.00,0.0000
2022-07-01,Metro North,STAFFORD DENTAL CLINIC,1681,1681.00,0.00,0.0000
2022-07-01,Metro North,REDCLIFFE DENTAL CLINIC,3080,3080.00,0.00,0.0000
2022-07-01,Metro North,CABOOLTURE DENTAL CLINIC,4822,4822.00,0.00,0.0000
2022-07-01,Metro South,NATHAN INALA CLUSTER,6214,6214.00,0.00,0.0000
2022-07-01,Metro South,MS INNER BRISBANE CLUSTER,4354,4354.25,0.25,0.0001
2022-07-01,Metro South,KINGSTON LOGAN CLUSTER,4859,4859.00,0.00,0.0000
2022-07-01,Metro South,BAYSIDE CLUSTER,6326,6326.00,0.00,0.0000
2022-07-01,Metro South,BEENLEIGH BEAUDESERT CLUS,9627,9627.00,0.00,0.0000
2022-07-01,North West,MT ISA DENTAL CLINIC,252,252.25,0.25,0.0010
2022-07-01,North West,CLONCURRY DENTAL,138,154.00,16.00,0.1039
2022-07-01,North West,MORNINGTON ISLAND DENTAL,152,175.25,23.25,0.1327
2022-07-01,South West,INJUNE DENTAL CLINIC,31,31.00,0.00,0.0000
2022-07-01,South West,AUGATHELLA DENTAL CLINIC,2,2.00,0.00,0.0000
2022-07-01,South West,CUNNAMULLA DENTAL CLINIC,83,83.00,0.00,0.0000
2022-07-01,South West,MUNGINDI DENTAL CLINIC,12,12.00,0.00,0.0000
2022-07-01,South West,CHARLEVILLE DENTAL CLINIC,212,212.00,0.00,0.0000
2022-07-01,South West,DIRRANBANDI DENTAL CLINIC,14,14.00,0.00,0.0000
2022-07-01,South West,MITCHELL DENTAL CLINIC,82,82.00,0.00,0.0000
2022-07-01,South West,QUILPIE DENTAL CLINIC,30,30.00,0.00,0.0000
2022-07-01,South West,ROMA HOSPITAL DENTAL CLIN,459,459.00,0.00,0.0000
2022-07-01,South West,ST GEORGE DENTAL CLINIC,77,77.00,0.00,0.0000
2022-07-01,South West,SURAT DENTAL CLINIC,23,23.00,0.00,0.0000
2022-07-01,South West,THARGOMINDAH DENTAL SERVI,2,2.00,0.00,0.0000
2022-07-01,Sunshine Coast,CALOUNDRA DENTAL CLINIC,3092,3092.00,0.00,0.0000
2022-07-01,Sunshine Coast,NOOSA DENTAL CLINIC,1261,1261.00,0.00,0.0000
2022-07-01,Sunshine Coast,SCUH DENTAL CLINIC,NULL,NULL,NULL,NULL
2022-07-01,Sunshine Coast,KAWANA DENTAL CLINIC,2799,2799.00,0.00,0.0000
2022-07-01,Sunshine Coast,GYMPIE DENTAL CLINIC,2049,2049.00,0.00,0.0000
2022-07-01,Sunshine Coast,NAMBOUR DENTAL CLINIC,1829,1829.00,0.00,0.0000
2022-07-01,Torres and Cape,TORRES STRAIT DENTAL CLINIC,442,457.25,15.25,0.0334
2022-07-01,Torres and Cape,CAPE YORK DENTAL CLINIC,516,568.75,52.75,0.0927
2022-07-01,Townsville,RICHMOND DENTAL CLINIC,4,4.00,0.00,0.0000
2022-07-01,Townsville,AYR DENTAL CLINIC,149,149.00,0.00,0.0000
2022-07-01,Townsville,HUGHENDEN DENTAL CLINIC,16,16.00,0.00,0.0000
2022-07-01,Townsville,TOWNSVILLE DENTAL CLINIC,1907,1907.00,0.00,0.0000
2022-07-01,Townsville,CHARTERS TOWERS DENTAL CL,130,130.00,0.00,0.0000
2022-07-01,Townsville,INGHAM DENTAL CLINIC,165,165.00,0.00,0.0000
2022-07-01,West Moreton,LAIDLEY DENTAL CLINIC,1064,1064.00,0.00,0.0000
2022-07-01,West Moreton,COLLINGWOOD PARK DENTAL C,1383,1383.00,0.00,0.0000
2022-07-01,West Moreton,GATTON DENTAL CLINIC,62,62.00,0.00,0.0000
2022-07-01,West Moreton,ESK DENTAL CLINIC,311,311.00,0.00,0.0000
2022-07-01,West Moreton,IPSWICH DENTAL CLINIC,4156,4156.00,0.00,0.0000
2022-07-01,West Moreton,BOONAH DENTAL CLINIC,288,288.00,0.00,0.0000
2022-07-01,Wide Bay,MARYBOROUGH DENTAL CLINIC,1794,1794.00,0.00,0.0000
2022-07-01,Wide Bay,CHILDERS DENTAL CLINIC,193,193.00,0.00,0.0000
2022-07-01,Wide Bay,MUNDUBBERA DENTAL CLINIC,131,131.00,0.00,0.0000
2022-07-01,Wide Bay,HERVEY BAY DENTAL CLINIC,3313,3313.00,0.00,0.0000
2022-07-01,Wide Bay,GAYNDAH DENTAL CLINIC,324,324.00,0.00,0.0000
2022-07-01,Wide Bay,MONTO DENTAL CLINIC,50,50.00,0.00,0.0000
2022-07-01,Wide Bay,BUNDABERG DENTAL CLINIC,2721,2721.00,0.00,0.0000
2022-10-01,Cairns and Hinterland,SMITHFIELD DENTAL CLINIC,894,894.00,0.00,0.0000
2022-10-01,Cairns and Hinterland,TULLY DENTAL CLINIC,660,660.00,0.00,0.0000
2022-10-01,Cairns and Hinterland,YARRABAH DENTAL CLINIC,2,2.00,0.00,0.0000
2022-10-01,Cairns and Hinterland,MOSSMAN DENTAL CLINIC,544,544.00,0.00,0.0000
2022-10-01,Cairns and Hinterland,INNISFAIL DENTAL CLINIC,910,910.00,0.00,0.0000
2022-10-01,Cairns and Hinterland,ATHERTON DENTAL CLINIC,871,871.00,0.00,0.0000
2022-10-01,Cairns and Hinterland,MAREEBA DENTAL CLINIC,1180,1180.00,0.00,0.0000
2022-10-01,Cairns and Hinterland,EDMONTON DENTAL CLINIC,1639,1639.00,0.00,0.0000
2022-10-01,Cairns and Hinterland,CAIRNS NTH DENTAL CLINIC,2638,2638.25,0.25,0.0001
2022-10-01,Cairns and Hinterland,CROYDON DENTAL CLINIC,NULL,NULL,NULL,NULL
2022-10-01,Central Queensland,ROCKHAMPTON DENTAL CLINIC,3856,3856.00,0.00,0.0000
2022-10-01,Central Queensland,CAPRICORN COAST DENTAL,1543,1543.00,0.00,0.0000
2022-10-01,Central Queensland,BILOELA DENTAL CLINIC,239,239.00,0.00,0.0000
2022-10-01,Central Queensland,MT MORGAN DENTAL CLINIC,185,185.00,0.00,0.0000
2022-10-01,Central Queensland,GLADSTONE DENTAL CLINIC,1920,1920.00,0.00,0.0000
2022-10-01,Central Queensland,EMERALD DENTAL CLINIC,463,463.00,0.00,0.0000
2022-10-01,Central West,CENTRAL WEST DENTAL CLINICS,850,850.00,0.00,0.0000
2022-10-01,Darling Downs,GOONDIWINDI DENTAL CLINIC,174,174.00,0.00,0.0000
2022-10-01,Darling Downs,DALBY DENTAL CLINIC,965,965.00,0.00,0.0000
2022-10-01,Darling Downs,MILES DENTAL CLINIC,298,298.00,0.00,0.0000
2022-10-01,Darling Downs,KINGAROY DENTAL CLINIC,2512,2564.75,52.75,0.0206
2022-10-01,Darling Downs,INGLEWOOD DENTAL CLINIC,110,110.00,0.00,0.0000
2022-10-01,Darling Downs,WARWICK DENTAL CLINIC,637,637.00,0.00,0.0000
2022-10-01,Darling Downs,TOOWOOMBA DENTAL CLINIC,3843,3843.00,0.00,0.0000
2022-10-01,Darling Downs,STANTHORPE DENTAL CLINIC,681,681.00,0.00,0.0000
2022-10-01,Gold Coast,ROBINA DENTAL CLINIC,878,878.00,0.00,0.0000
2022-10-01,Gold Coast,GC SOUTHPORT HEALTH PREC,7446,7446.00,0.00,0.0000
2022-10-01,Gold Coast,GCUH DENTAL CLINIC,26,26.00,0.00,0.0000
2022-10-01,Gold Coast,PALM BEACH DENTAL CLINIC,768,768.00,0.00,0.0000
2022-10-01,Mackay,CLERMONT DENTAL CLINIC,159,159.00,0.00,0.0000
2022-10-01,Mackay,MACKAY DENTAL CLINIC,4847,4847.00,0.00,0.0000
2022-10-01,Mackay,PROSERPINE DENTAL,941,941.00,0.00,0.0000
2022-10-01,Mackay,COLLINSVILLE DENTAL CLINI,109,109.00,0.00,0.0000
2022-10-01,Mackay,BOWEN DENTAL CLINIC,829,829.00,0.00,0.0000
2022-10-01,Metro North,PINE RIVERS DENTAL CLINIC,1898,1898.00,0.00,0.0000
2022-10-01,Metro North,ORAL HEALTH CENTRE,4804,4804.00,0.00,0.0000
2022-10-01,Metro North,CABOOLTURE DENTAL CLINIC,4962,4962.00,0.00,0.0000
2022-10-01,Metro North,REDCLIFFE DENTAL CLINIC,3154,3154.00,0.00,0.0000
2022-10-01,Metro North,SANDGATE DENTAL CLINIC,1111,1111.00,0.00,0.0000
2022-10-01,Metro North,STAFFORD DENTAL CLINIC,1722,1722.00,0.00,0.0000
2022-10-01,Metro South,MS INNER BRISBANE CLUSTER,3890,3890.00,0.00,0.0000
2022-10-01,Metro South,NATHAN INALA CLUSTER,5640,5640.00,0.00,0.0000
2022-10-01,Metro South,KINGSTON LOGAN CLUSTER,4526,4526.00,0.00,0.0000
2022-10-01,Metro South,BEENLEIGH BEAUDESERT CLUS,8922,8922.00,0.00,0.0000
2022-10-01,Metro South,BAYSIDE CLUSTER,5700,5700.00,0.00,0.0000
2022-10-01,North West,MORNINGTON ISLAND DENTAL,152,182.25,30.25,0.1660
2022-10-01,North West,CLONCURRY DENTAL,104,112.50,8.50,0.0756
2022-10-01,North West,MT ISA DENTAL CLINIC,279,279.50,0.50,0.0018
2022-10-01,South West,CHARLEVILLE DENTAL CLINIC,149,149.00,0.00,0.0000
2022-10-01,South West,DIRRANBANDI DENTAL CLINIC,13,13.00,0.00,0.0000
2022-10-01,South West,INJUNE DENTAL CLINIC,28,28.00,0.00,0.0000
2022-10-01,South West,THARGOMINDAH DENTAL SERVI,2,2.00,0.00,0.0000
2022-10-01,South West,SURAT DENTAL CLINIC,20,20.00,0.00,0.0000
2022-10-01,South West,CUNNAMULLA DENTAL CLINIC,42,42.00,0.00,0.0000
2022-10-01,South West,MUNGINDI DENTAL CLINIC,11,11.00,0.00,0.0000
2022-10-01,South West,ST GEORGE DENTAL CLINIC,59,59.00,0.00,0.0000
2022-10-01,South West,ROMA HOSPITAL DENTAL CLIN,409,409.00,0.00,0.0000
2022-10-01,South West,QUILPIE DENTAL CLINIC,19,19.00,0.00,0.0000
2022-10-01,South West,MITCHELL DENTAL CLINIC,77,77.00,0.00,0.0000
2022-10-01,South West,AUGATHELLA DENTAL CLINIC,2,2.00,0.00,0.0000
2022-10-01,Sunshine Coast,NOOSA DENTAL CLINIC,1198,1198.00,0.00,0.0000
2022-10-01,Sunshine Coast,NAMBOUR DENTAL CLINIC,1784,1784.00,0.00,0.0000
2022-10-01,Sunshine Coast,CALOUNDRA DENTAL CLINIC,3064,3064.00,0.00,0.0000
2022-10-01,Sunshine Coast,KAWANA DENTAL CLINIC,2803,2803.00,0.00,0.0000
2022-10-01,Sunshine Coast,GYMPIE DENTAL CLINIC,2074,2074.00,0.00,0.0000
2022-10-01,Torres and Cape,TORRES STRAIT DENTAL CLINIC,503,524.50,21.50,0.0410
2022-10-01,Torres and Cape,CAPE YORK DENTAL CLINIC,438,477.00,39.00,0.0818
2022-10-01,Townsville,CHARTERS TOWERS DENTAL CL,155,155.00,0.00,0.0000
2022-10-01,Townsville,INGHAM DENTAL CLINIC,206,206.00,0.00,0.0000
2022-10-01,Townsville,RICHMOND DENTAL CLINIC,6,6.00,0.00,0.0000
2022-10-01,Townsville,TOWNSVILLE DENTAL CLINIC,2047,2047.00,0.00,0.0000
2022-10-01,Townsville,AYR DENTAL CLINIC,148,148.00,0.00,0.0000
2022-10-01,Townsville,HUGHENDEN DENTAL CLINIC,19,19.00,0.00,0.0000
2022-10-01,West Moreton,COLLINGWOOD PARK DENTAL C,1203,1203.00,0.00,0.0000
2022-10-01,West Moreton,ESK DENTAL CLINIC,278,278.00,0.00,0.0000
2022-10-01,West Moreton,GATTON DENTAL CLINIC,15,15.00,0.00,0.0000
2022-10-01,West Moreton,BOONAH DENTAL CLINIC,285,285.00,0.00,0.0000
2022-10-01,West Moreton,LAIDLEY DENTAL CLINIC,1053,1053.00,0.00,0.0000
2022-10-01,West Moreton,IPSWICH DENTAL CLINIC,3924,3924.00,0.00,0.0000
2022-10-01,Wide Bay,GAYNDAH DENTAL CLINIC,363,363.00,0.00,0.0000
2022-10-01,Wide Bay,MUNDUBBERA DENTAL CLINIC,147,147.00,0.00,0.0000
2022-10-01,Wide Bay,BUNDABERG DENTAL CLINIC,3134,3134.00,0.00,0.0000
2022-10-01,Wide Bay,MONTO DENTAL CLINIC,55,55.00,0.00,0.0000
2022-10-01,Wide Bay,MARYBOROUGH DENTAL CLINIC,1999,1999.00,0.00,0.0000
2022-10-01,Wide Bay,HERVEY BAY DENTAL CLINIC,3706,3706.00,0.00,0.0000
2022-10-01,Wide Bay,CHILDERS DENTAL CLINIC,199,199.00,0.00,0.0000
2023-04-01,Cairns and Hinterland,GEORGETOWN DENTAL CLINIC,1,1.00,0.00,0.0000
2023-04-01,Cairns and Hinterland,CAIRNS NTH DENTAL CLINIC,2457,2457.00,0.00,0.0000
2023-04-01,Cairns and Hinterland,YARRABAH DENTAL CLINIC,3,3.00,0.00,0.0000
2023-04-01,Cairns and Hinterland,TULLY DENTAL CLINIC,467,467.00,0.00,0.0000
2023-04-01,Cairns and Hinterland,SMITHFIELD DENTAL CLINIC,787,787.00,0.00,0.0000
2023-04-01,Cairns and Hinterland,INNISFAIL DENTAL CLINIC,800,800.00,0.00,0.0000
2023-04-01,Cairns and Hinterland,EDMONTON DENTAL CLINIC,1513,1513.25,0.25,0.0002
2023-04-01,Cairns and Hinterland,CROYDON DENTAL CLINIC,0,0.00,0.00,0
2023-04-01,Cairns and Hinterland,MOSSMAN DENTAL CLINIC,476,476.00,0.00,0.0000
2023-04-01,Cairns and Hinterland,MAREEBA DENTAL CLINIC,1153,1153.00,0.00,0.0000
2023-04-01,Cairns and Hinterland,ATHERTON DENTAL CLINIC,830,830.00,0.00,0.0000
2023-04-01,Cairns and Hinterland,CHILLAGOE DENTAL CLINIC,NULL,NULL,NULL,NULL
2023-04-01,Central Queensland,GLADSTONE DENTAL CLINIC,2012,2012.00,0.00,0.0000
2023-04-01,Central Queensland,BILOELA DENTAL CLINIC,235,235.00,0.00,0.0000
2023-04-01,Central Queensland,EMERALD DENTAL CLINIC,477,477.00,0.00,0.0000
2023-04-01,Central Queensland,CAPRICORN COAST DENTAL,1555,1555.00,0.00,0.0000
2023-04-01,Central Queensland,MT MORGAN DENTAL CLINIC,197,197.00,0.00,0.0000
2023-04-01,Central Queensland,ROCKHAMPTON DENTAL CLINIC,3892,3892.00,0.00,0.0000
2023-04-01,Central West,CENTRAL WEST DENTAL CLINICS,893,893.00,0.00,0.0000
2023-04-01,Darling Downs,INGLEWOOD DENTAL CLINIC,93,93.00,0.00,0.0000
2023-04-01,Darling Downs,WARWICK DENTAL CLINIC,671,671.00,0.00,0.0000
2023-04-01,Darling Downs,MILES DENTAL CLINIC,371,371.00,0.00,0.0000
2023-04-01,Darling Downs,KINGAROY DENTAL CLINIC,2276,2276.00,0.00,0.0000
2023-04-01,Darling Downs,STANTHORPE DENTAL CLINIC,728,728.00,0.00,0.0000
2023-04-01,Darling Downs,TOOWOOMBA DENTAL CLINIC,4038,4038.00,0.00,0.0000
2023-04-01,Darling Downs,DALBY DENTAL CLINIC,953,953.00,0.00,0.0000
2023-04-01,Darling Downs,GOONDIWINDI DENTAL CLINIC,178,178.00,0.00,0.0000
2023-04-01,Gold Coast,ROBINA DENTAL CLINIC,977,977.00,0.00,0.0000
2023-04-01,Gold Coast,PALM BEACH DENTAL CLINIC,869,869.00,0.00,0.0000
2023-04-01,Gold Coast,GC SOUTHPORT HEALTH PREC,7958,7958.00,0.00,0.0000
2023-04-01,Gold Coast,GCUH DENTAL CLINIC,54,54.00,0.00,0.0000
2023-04-01,Mackay,BOWEN DENTAL CLINIC,783,783.00,0.00,0.0000
2023-04-01,Mackay,CLERMONT DENTAL CLINIC,24,24.00,0.00,0.0000
2023-04-01,Mackay,MACKAY DENTAL CLINIC,4936,4936.00,0.00,0.0000
2023-04-01,Mackay,COLLINSVILLE DENTAL CLINI,37,37.00,0.00,0.0000
2023-04-01,Mackay,PROSERPINE DENTAL,796,796.00,0.00,0.0000
2023-04-01,Metro North,CHILDRENS ORAL HEALTH,0,0.00,0.00,0
2023-04-01,Metro North,CABOOLTURE DENTAL CLINIC,3201,3201.00,0.00,0.0000
2023-04-01,Metro North,ORAL HEALTH CENTRE,3229,3229.00,0.00,0.0000
2023-04-01,Metro North,PINE RIVERS DENTAL CLINIC,1524,1524.00,0.00,0.0000
2023-04-01,Metro North,REDCLIFFE DENTAL CLINIC,2149,2149.00,0.00,0.0000
2023-04-01,Metro North,SANDGATE DENTAL CLINIC,971,971.00,0.00,0.0000
2023-04-01,Metro North,STAFFORD DENTAL CLINIC,1555,1555.00,0.00,0.0000
2023-04-01,Metro South,KINGSTON LOGAN CLUSTER,4147,4147.00,0.00,0.0000
2023-04-01,Metro South,BAYSIDE CLUSTER,5241,5241.00,0.00,0.0000
2023-04-01,Metro South,NATHAN INALA CLUSTER,5062,5062.00,0.00,0.0000
2023-04-01,Metro South,BEENLEIGH BEAUDESERT CLUS,8652,8652.00,0.00,0.0000
2023-04-01,Metro South,MS INNER BRISBANE CLUSTER,3375,3375.00,0.00,0.0000
2023-04-01,North West,MORNINGTON ISLAND DENTAL,137,171.25,34.25,0.2000
2023-04-01,North West,MT ISA DENTAL CLINIC,440,440.75,0.75,0.0017
2023-04-01,North West,CLONCURRY DENTAL,132,148.75,16.75,0.1126
2023-04-01,South West,SURAT DENTAL CLINIC,9,9.00,0.00,0.0000
2023-04-01,South West,ST GEORGE DENTAL CLINIC,38,38.00,0.00,0.0000
2023-04-01,South West,THARGOMINDAH DENTAL SERVI,3,3.00,0.00,0.0000
2023-04-01,South West,QUILPIE DENTAL CLINIC,31,31.00,0.00,0.0000
2023-04-01,South West,CUNNAMULLA DENTAL CLINIC,32,32.00,0.00,0.0000
2023-04-01,South West,DIRRANBANDI DENTAL CLINIC,14,14.00,0.00,0.0000
2023-04-01,South West,CHARLEVILLE DENTAL CLINIC,199,199.00,0.00,0.0000
2023-04-01,South West,MITCHELL DENTAL CLINIC,75,75.00,0.00,0.0000
2023-04-01,South West,AUGATHELLA DENTAL CLINIC,1,1.00,0.00,0.0000
2023-04-01,South West,MUNGINDI DENTAL CLINIC,10,10.00,0.00,0.0000
2023-04-01,South West,ROMA HOSPITAL DENTAL CLIN,403,403.00,0.00,0.0000
2023-04-01,South West,INJUNE DENTAL CLINIC,20,20.00,0.00,0.0000
2023-04-01,Sunshine Coast,NAMBOUR DENTAL CLINIC,2061,2061.00,0.00,0.0000
2023-04-01,Sunshine Coast,KAWANA DENTAL CLINIC,3190,3190.00,0.00,0.0000
2023-04-01,Sunshine Coast,NOOSA DENTAL CLINIC,1494,1494.00,0.00,0.0000
2023-04-01,Sunshine Coast,CALOUNDRA DENTAL CLINIC,3547,3547.00,0.00,0.0000
2023-04-01,Sunshine Coast,GYMPIE DENTAL CLINIC,2558,2558.00,0.00,0.0000
2023-04-01,Torres and Cape,TORRES STRAIT DENTAL CLINIC,546,578.25,32.25,0.0558
2023-04-01,Torres and Cape,CAPE YORK DENTAL CLINIC,394,429.25,35.25,0.0821
2023-04-01,Townsville,TOWNSVILLE DENTAL CLINIC,2265,2265.00,0.00,0.0000
2023-04-01,Townsville,RICHMOND DENTAL CLINIC,5,5.00,0.00,0.0000
2023-04-01,Townsville,AYR DENTAL CLINIC,206,206.00,0.00,0.0000
2023-04-01,Townsville,HUGHENDEN DENTAL CLINIC,20,20.00,0.00,0.0000
2023-04-01,Townsville,INGHAM DENTAL CLINIC,315,315.00,0.00,0.0000
2023-04-01,Townsville,CHARTERS TOWERS DENTAL CL,166,166.00,0.00,0.0000
2023-04-01,West Moreton,IPSWICH DENTAL CLINIC,4250,4250.00,0.00,0.0000
2023-04-01,West Moreton,LAIDLEY DENTAL CLINIC,1196,1196.00,0.00,0.0000
2023-04-01,West Moreton,BOONAH DENTAL CLINIC,334,334.00,0.00,0.0000
2023-04-01,West Moreton,COLLINGWOOD PARK DENTAL C,1207,1207.00,0.00,0.0000
2023-04-01,West Moreton,ESK DENTAL CLINIC,289,289.00,0.00,0.0000
2023-04-01,Wide Bay,BUNDABERG DENTAL CLINIC,3740,3740.00,0.00,0.0000
2023-04-01,Wide Bay,MUNDUBBERA DENTAL CLINIC,122,122.00,0.00,0.0000
2023-04-01,Wide Bay,MONTO DENTAL CLINIC,70,70.00,0.00,0.0000
2023-04-01,Wide Bay,HERVEY BAY DENTAL CLINIC,4194,4194.00,0.00,0.0000
2023-04-01,Wide Bay,GAYNDAH DENTAL CLINIC,331,331.00,0.00,0.0000
2023-04-01,Wide Bay,CHILDERS DENTAL CLINIC,225,225.00,0.00,0.0000
2023-04-01,Wide Bay,MARYBOROUGH DENTAL CLINIC,2227,2227.00,0.00,0.0000
2023-07-01,Cairns and Hinterland,GEORGETOWN DENTAL CLINIC,0,0.00,0.00,0
2023-07-01,Cairns and Hinterland,YARRABAH DENTAL CLINIC,0,0.00,0.00,0
2023-07-01,Cairns and Hinterland,EDMONTON DENTAL CLINIC,1425,1425.00,0.00,0.0000
2023-07-01,Cairns and Hinterland,MOSSMAN DENTAL CLINIC,473,473.00,0.00,0.0000
2023-07-01,Cairns and Hinterland,CAIRNS NTH DENTAL CLINIC,2602,2602.00,0.00,0.0000
2023-07-01,Cairns and Hinterland,INNISFAIL DENTAL CLINIC,827,827.00,0.00,0.0000
2023-07-01,Cairns and Hinterland,CHILLAGOE DENTAL CLINIC,0,0.00,0.00,0
2023-07-01,Cairns and Hinterland,MAREEBA DENTAL CLINIC,1068,1068.00,0.00,0.0000
2023-07-01,Cairns and Hinterland,SMITHFIELD DENTAL CLINIC,720,720.00,0.00,0.0000
2023-07-01,Cairns and Hinterland,TULLY DENTAL CLINIC,455,455.00,0.00,0.0000
2023-07-01,Cairns and Hinterland,ATHERTON DENTAL CLINIC,768,768.00,0.00,0.0000
2023-07-01,Central Queensland,ROCKHAMPTON DENTAL CLINIC,3543,3543.00,0.00,0.0000
2023-07-01,Central Queensland,GLADSTONE DENTAL CLINIC,2133,2133.00,0.00,0.0000
2023-07-01,Central Queensland,BILOELA DENTAL CLINIC,233,233.00,0.00,0.0000
2023-07-01,Central Queensland,CAPRICORN COAST DENTAL,1478,1478.00,0.00,0.0000
2023-07-01,Central Queensland,EMERALD DENTAL CLINIC,496,496.00,0.00,0.0000
2023-07-01,Central Queensland,MT MORGAN DENTAL CLINIC,210,210.00,0.00,0.0000
2023-07-01,Central West,CENTRAL WEST DENTAL CLINICS,645,645.00,0.00,0.0000
2023-07-01,Darling Downs,TOOWOOMBA DENTAL CLINIC,4148,4148.00,0.00,0.0000
2023-07-01,Darling Downs,MILES DENTAL CLINIC,385,385.00,0.00,0.0000
2023-07-01,Darling Downs,INGLEWOOD DENTAL CLINIC,106,106.00,0.00,0.0000
2023-07-01,Darling Downs,GOONDIWINDI DENTAL CLINIC,189,189.00,0.00,0.0000
2023-07-01,Darling Downs,KINGAROY DENTAL CLINIC,2142,2142.00,0.00,0.0000
2023-07-01,Darling Downs,DALBY DENTAL CLINIC,894,894.00,0.00,0.0000
2023-07-01,Darling Downs,WARWICK DENTAL CLINIC,635,635.00,0.00,0.0000
2023-07-01,Darling Downs,STANTHORPE DENTAL CLINIC,695,695.00,0.00,0.0000
2023-07-01,Gold Coast,GC SOUTHPORT HEALTH PREC,6711,6711.00,0.00,0.0000
2023-07-01,Gold Coast,ROBINA DENTAL CLINIC,1030,1030.00,0.00,0.0000
2023-07-01,Gold Coast,GCUH DENTAL CLINIC,58,58.00,0.00,0.0000
2023-07-01,Gold Coast,PALM BEACH DENTAL CLINIC,886,886.00,0.00,0.0000
2023-07-01,Mackay,PROSERPINE DENTAL,787,787.00,0.00,0.0000
2023-07-01,Mackay,MACKAY DENTAL CLINIC,4780,4780.00,0.00,0.0000
2023-07-01,Mackay,CLERMONT DENTAL CLINIC,29,29.00,0.00,0.0000
2023-07-01,Mackay,BOWEN DENTAL CLINIC,791,791.00,0.00,0.0000
2023-07-01,Mackay,COLLINSVILLE DENTAL CLINI,39,39.00,0.00,0.0000
2023-07-01,Metro North,SANDGATE DENTAL CLINIC,1063,1063.00,0.00,0.0000
2023-07-01,Metro North,REDCLIFFE DENTAL CLINIC,2189,2189.00,0.00,0.0000
2023-07-01,Metro North,PINE RIVERS DENTAL CLINIC,1772,1772.00,0.00,0.0000
2023-07-01,Metro North,CABOOLTURE DENTAL CLINIC,3565,3565.00,0.00,0.0000
2023-07-01,Metro North,ORAL HEALTH CENTRE,3057,3057.00,0.00,0.0000
2023-07-01,Metro North,STAFFORD DENTAL CLINIC,1755,1755.00,0.00,0.0000
2023-07-01,Metro South,NATHAN INALA CLUSTER,5581,5581.00,0.00,0.0000
2023-07-01,Metro South,KINGSTON LOGAN CLUSTER,4952,4952.00,0.00,0.0000
2023-07-01,Metro South,MS INNER BRISBANE CLUSTER,4140,4140.00,0.00,0.0000
2023-07-01,Metro South,BEENLEIGH BEAUDESERT CLUS,9527,9527.00,0.00,0.0000
2023-07-01,Metro South,BAYSIDE CLUSTER,5787,5787.00,0.00,0.0000
2023-07-01,North West,MORNINGTON ISLAND DENTAL,133,171.25,38.25,0.2234
2023-07-01,North West,CLONCURRY DENTAL,111,134.75,23.75,0.1763
2023-07-01,North West,MT ISA DENTAL CLINIC,443,443.25,0.25,0.0006
2023-07-01,South West,MUNGINDI DENTAL CLINIC,12,12.00,0.00,0.0000
2023-07-01,South West,MITCHELL DENTAL CLINIC,81,81.00,0.00,0.0000
2023-07-01,South West,INJUNE DENTAL CLINIC,17,17.00,0.00,0.0000
2023-07-01,South West,CHARLEVILLE DENTAL CLINIC,137,137.00,0.00,0.0000
2023-07-01,South West,DIRRANBANDI DENTAL CLINIC,16,16.00,0.00,0.0000
2023-07-01,South West,CUNNAMULLA DENTAL CLINIC,49,49.00,0.00,0.0000
2023-07-01,South West,QUILPIE DENTAL CLINIC,19,19.00,0.00,0.0000
2023-07-01,South West,ROMA HOSPITAL DENTAL CLIN,400,400.00,0.00,0.0000
2023-07-01,South West,ST GEORGE DENTAL CLINIC,47,47.00,0.00,0.0000
2023-07-01,South West,SURAT DENTAL CLINIC,17,17.00,0.00,0.0000
2023-07-01,South West,THARGOMINDAH DENTAL SERVI,3,3.00,0.00,0.0000
2023-07-01,Sunshine Coast,NOOSA DENTAL CLINIC,1429,1429.00,0.00,0.0000
2023-07-01,Sunshine Coast,CALOUNDRA DENTAL CLINIC,3132,3132.00,0.00,0.0000
2023-07-01,Sunshine Coast,SCUH DENTAL CLINIC,0,0.00,0.00,0
2023-07-01,Sunshine Coast,GYMPIE DENTAL CLINIC,2334,2334.00,0.00,0.0000
2023-07-01,Sunshine Coast,NAMBOUR DENTAL CLINIC,1800,1800.00,0.00,0.0000
2023-07-01,Sunshine Coast,KAWANA DENTAL CLINIC,2774,2774.00,0.00,0.0000
2023-07-01,Torres and Cape,TORRES STRAIT DENTAL CLINIC,615,667.25,52.25,0.0783
2023-07-01,Torres and Cape,CAPE YORK DENTAL CLINIC,422,459.50,37.50,0.0816
2023-07-01,Townsville,RICHMOND DENTAL CLINIC,5,5.00,0.00,0.0000
2023-07-01,Townsville,AYR DENTAL CLINIC,226,226.00,0.00,0.0000
2023-07-01,Townsville,CHARTERS TOWERS DENTAL CL,204,204.00,0.00,0.0000
2023-07-01,Townsville,TOWNSVILLE DENTAL CLINIC,2333,2333.00,0.00,0.0000
2023-07-01,Townsville,INGHAM DENTAL CLINIC,337,337.00,0.00,0.0000
2023-07-01,Townsville,HUGHENDEN DENTAL CLINIC,21,21.00,0.00,0.0000
2023-07-01,West Moreton,IPSWICH DENTAL CLINIC,4311,4311.00,0.00,0.0000
2023-07-01,West Moreton,ESK DENTAL CLINIC,249,249.00,0.00,0.0000
2023-07-01,West Moreton,LAIDLEY DENTAL CLINIC,1227,1227.00,0.00,0.0000
2023-07-01,West Moreton,BOONAH DENTAL CLINIC,334,334.00,0.00,0.0000
2023-07-01,West Moreton,GATTON DENTAL CLINIC,1,1.00,0.00,0.0000
2023-07-01,West Moreton,COLLINGWOOD PARK DENTAL C,1061,1061.00,0.00,0.0000
2023-07-01,Wide Bay,MARYBOROUGH DENTAL CLINIC,2229,2229.00,0.00,0.0000
2023-07-01,Wide Bay,HERVEY BAY DENTAL CLINIC,4131,4131.00,0.00,0.0000
2023-07-01,Wide Bay,CHILDERS DENTAL CLINIC,238,238.00,0.00,0.0000
2023-07-01,Wide Bay,GAYNDAH DENTAL CLINIC,322,322.00,0.00,0.0000
2023-07-01,Wide Bay,MONTO DENTAL CLINIC,66,66.00,0.00,0.0000
2023-07-01,Wide Bay,MUNDUBBERA DENTAL CLINIC,111,111.00,0.00,0.0000
2023-07-01,Wide Bay,BUNDABERG DENTAL CLINIC,3534,3534.00,0.00,0.0000
2023-10-01,Cairns and Hinterland,YARRABAH DENTAL CLINIC,0,0.00,0.00,0
2023-10-01,Cairns and Hinterland,TULLY DENTAL CLINIC,502,502.00,0.00,0.0000
2023-10-01,Cairns and Hinterland,MOSSMAN DENTAL CLINIC,440,440.00,0.00,0.0000
2023-10-01,Cairns and Hinterland,MAREEBA DENTAL CLINIC,1122,1122.00,0.00,0.0000
2023-10-01,Cairns and Hinterland,CROYDON DENTAL CLINIC,0,0.00,0.00,0
2023-10-01,Cairns and Hinterland,GEORGETOWN DENTAL CLINIC,0,0.00,0.00,0
2023-10-01,Cairns and Hinterland,ATHERTON DENTAL CLINIC,786,786.00,0.00,0.0000
2023-10-01,Cairns and Hinterland,CAIRNS NTH DENTAL CLINIC,2784,2784.00,0.00,0.0000
2023-10-01,Cairns and Hinterland,EDMONTON DENTAL CLINIC,1378,1378.00,0.00,0.0000
2023-10-01,Cairns and Hinterland,SMITHFIELD DENTAL CLINIC,769,769.00,0.00,0.0000
2023-10-01,Cairns and Hinterland,CHILLAGOE DENTAL CLINIC,0,0.00,0.00,0
2023-10-01,Cairns and Hinterland,INNISFAIL DENTAL CLINIC,905,905.00,0.00,0.0000
2023-10-01,Central Queensland,CAPRICORN COAST DENTAL,1521,1521.00,0.00,0.0000
2023-10-01,Central Queensland,GLADSTONE DENTAL CLINIC,2213,2213.00,0.00,0.0000
2023-10-01,Central Queensland,WOORABINDA DENTAL CLINIC,0,0.00,0.00,0
2023-10-01,Central Queensland,ROCKHAMPTON DENTAL CLINIC,3623,3623.00,0.00,0.0000
2023-10-01,Central Queensland,EMERALD DENTAL CLINIC,542,542.00,0.00,0.0000
2023-10-01,Central Queensland,MT MORGAN DENTAL CLINIC,223,223.00,0.00,0.0000
2023-10-01,Central Queensland,BILOELA DENTAL CLINIC,275,275.00,0.00,0.0000
2023-10-01,Central West,CENTRAL WEST DENTAL CLINICS,1032,1032.00,0.00,0.0000
2023-10-01,Darling Downs,INGLEWOOD DENTAL CLINIC,109,109.00,0.00,0.0000
2023-10-01,Darling Downs,DALBY DENTAL CLINIC,916,916.00,0.00,0.0000
2023-10-01,Darling Downs,TOOWOOMBA DENTAL CLINIC,4312,4312.00,0.00,0.0000
2023-10-01,Darling Downs,GOONDIWINDI DENTAL CLINIC,215,215.00,0.00,0.0000
2023-10-01,Darling Downs,MILES DENTAL CLINIC,415,415.00,0.00,0.0000
2023-10-01,Darling Downs,STANTHORPE DENTAL CLINIC,765,765.00,0.00,0.0000
2023-10-01,Darling Downs,KINGAROY DENTAL CLINIC,2263,2263.00,0.00,0.0000
2023-10-01,Darling Downs,WARWICK DENTAL CLINIC,690,690.00,0.00,0.0000
2023-10-01,Gold Coast,ROBINA DENTAL CLINIC,1093,1093.00,0.00,0.0000
2023-10-01,Gold Coast,PALM BEACH DENTAL CLINIC,830,830.00,0.00,0.0000
2023-10-01,Gold Coast,GCUH DENTAL CLINIC,65,65.00,0.00,0.0000
2023-10-01,Gold Coast,GC SOUTHPORT HEALTH PREC,6510,6510.00,0.00,0.0000
2023-10-01,Mackay,MACKAY DENTAL CLINIC,5223,5224.75,1.75,0.0003
2023-10-01,Mackay,CLERMONT DENTAL CLINIC,31,31.00,0.00,0.0000
2023-10-01,Mackay,BOWEN DENTAL CLINIC,931,931.00,0.00,0.0000
2023-10-01,Mackay,COLLINSVILLE DENTAL CLINI,41,41.00,0.00,0.0000
2023-10-01,Mackay,PROSERPINE DENTAL,961,961.00,0.00,0.0000
2023-10-01,Metro North,PINE RIVERS DENTAL CLINIC,0,0.00,0.00,0
2023-10-01,Metro North,CABOOLTURE DENTAL CLINIC,3748,3748.00,0.00,0.0000
2023-10-01,Metro North,KALLANGUR SATELLITE CLINI,2032,2032.00,0.00,0.0000
2023-10-01,Metro North,ORAL HEALTH CENTRE,3372,3372.00,0.00,0.0000
2023-10-01,Metro North,REDCLIFFE DENTAL CLINIC,2439,2439.00,0.00,0.0000
2023-10-01,Metro North,SANDGATE DENTAL CLINIC,1097,1097.00,0.00,0.0000
2023-10-01,Metro North,STAFFORD DENTAL CLINIC,1865,1865.00,0.00,0.0000
2023-10-01,Metro South,NATHAN INALA CLUSTER,5535,5535.00,0.00,0.0000
2023-10-01,Metro South,BEENLEIGH BEAUDESERT CLUS,9439,9439.00,0.00,0.0000
2023-10-01,Metro South,MS INNER BRISBANE CLUSTER,4309,4309.00,0.00,0.0000
2023-10-01,Metro South,KINGSTON LOGAN CLUSTER,5102,5102.00,0.00,0.0000
2023-10-01,Metro South,BAYSIDE CLUSTER,5465,5465.00,0.00,0.0000
2023-10-01,North West,MT ISA DENTAL CLINIC,482,482.00,0.00,0.0000
2023-10-01,North West,CLONCURRY DENTAL,146,176.50,30.50,0.1728
2023-10-01,North West,MORNINGTON ISLAND DENTAL,74,88.75,14.75,0.1662
2023-10-01,South West,INJUNE DENTAL CLINIC,19,19.00,0.00,0.0000
2023-10-01,South West,QUILPIE DENTAL CLINIC,22,22.00,0.00,0.0000
2023-10-01,South West,CUNNAMULLA DENTAL CLINIC,57,57.00,0.00,0.0000
2023-10-01,South West,MITCHELL DENTAL CLINIC,87,87.00,0.00,0.0000
2023-10-01,South West,MUNGINDI DENTAL CLINIC,12,12.00,0.00,0.0000
2023-10-01,South West,DIRRANBANDI DENTAL CLINIC,16,16.00,0.00,0.0000
2023-10-01,South West,CHARLEVILLE DENTAL CLINIC,166,166.00,0.00,0.0000
2023-10-01,South West,THARGOMINDAH DENTAL SERVI,3,3.00,0.00,0.0000
2023-10-01,South West,SURAT DENTAL CLINIC,22,22.00,0.00,0.0000
2023-10-01,South West,ST GEORGE DENTAL CLINIC,82,82.00,0.00,0.0000
2023-10-01,South West,ROMA HOSPITAL DENTAL CLIN,456,456.00,0.00,0.0000
2023-10-01,Sunshine Coast,GYMPIE DENTAL CLINIC,2415,2415.00,0.00,0.0000
2023-10-01,Sunshine Coast,KAWANA DENTAL CLINIC,2821,2821.00,0.00,0.0000
2023-10-01,Sunshine Coast,NAMBOUR DENTAL CLINIC,1814,1814.00,0.00,0.0000
2023-10-01,Sunshine Coast,SCUH DENTAL CLINIC,0,0.00,0.00,0
2023-10-01,Sunshine Coast,CALOUNDRA DENTAL CLINIC,3273,3273.25,0.25,0.0001
2023-10-01,Sunshine Coast,NOOSA DENTAL CLINIC,1477,1477.00,0.00,0.0000
2023-10-01,Torres and Cape,TORRES STRAIT DENTAL CLINIC,597,646.50,49.50,0.0766
2023-10-01,Torres and Cape,CAPE YORK DENTAL CLINIC,457,509.50,52.50,0.1030
2023-10-01,Townsville,INGHAM DENTAL CLINIC,341,341.00,0.00,0.0000
2023-10-01,Townsville,RICHMOND DENTAL CLINIC,4,4.00,0.00,0.0000
2023-10-01,Townsville,AYR DENTAL CLINIC,238,238.00,0.00,0.0000
2023-10-01,Townsville,TOWNSVILLE DENTAL CLINIC,2263,2263.00,0.00,0.0000
2023-10-01,Townsville,CHARTERS TOWERS DENTAL CL,220,220.00,0.00,0.0000
2023-10-01,Townsville,HUGHENDEN DENTAL CLINIC,16,16.00,0.00,0.0000
2023-10-01,West Moreton,COLLINGWOOD PARK DENTAL C,1234,1266.25,32.25,0.0255
2023-10-01,West Moreton,BOONAH DENTAL CLINIC,360,369.75,9.75,0.0264
2023-10-01,West Moreton,LAIDLEY DENTAL CLINIC,1429,1451.75,22.75,0.0157
2023-10-01,West Moreton,IPSWICH DENTAL CLINIC,5123,5208.50,85.50,0.0164
2023-10-01,West Moreton,GATTON DENTAL CLINIC,1,1.00,0.00,0.0000
2023-10-01,West Moreton,ESK DENTAL CLINIC,314,319.25,5.25,0.0164
2023-10-01,Wide Bay,MONTO DENTAL CLINIC,66,66.00,0.00,0.0000
2023-10-01,Wide Bay,MUNDUBBERA DENTAL CLINIC,137,137.00,0.00,0.0000
2023-10-01,Wide Bay,BUNDABERG DENTAL CLINIC,3724,3724.00,0.00,0.0000
2023-10-01,Wide Bay,CHILDERS DENTAL CLINIC,254,254.00,0.00,0.0000
2023-10-01,Wide Bay,MARYBOROUGH DENTAL CLINIC,2433,2433.00,0.00,0.0000
2023-10-01,Wide Bay,HERVEY BAY DENTAL CLINIC,4203,4203.00,0.00,0.0000
2023-10-01,Wide Bay,GAYNDAH DENTAL CLINIC,318,318.00,0.00,0.0000
2024-01-01,Cairns and Hinterland,CAIRNS NTH DENTAL CLINIC,2738,2738.00,0.00,0.0000
2024-01-01,Cairns and Hinterland,YARRABAH DENTAL CLINIC,0,0.00,0.00,0
2024-01-01,Cairns and Hinterland,INNISFAIL DENTAL CLINIC,984,984.00,0.00,0.0000
2024-01-01,Cairns and Hinterland,MAREEBA DENTAL CLINIC,1004,1004.00,0.00,0.0000
2024-01-01,Cairns and Hinterland,ATHERTON DENTAL CLINIC,721,721.00,0.00,0.0000
2024-01-01,Cairns and Hinterland,MOSSMAN DENTAL CLINIC,475,475.00,0.00,0.0000
2024-01-01,Cairns and Hinterland,EDMONTON DENTAL CLINIC,1287,1287.00,0.00,0.0000
2024-01-01,Cairns and Hinterland,SMITHFIELD DENTAL CLINIC,821,821.00,0.00,0.0000
2024-01-01,Cairns and Hinterland,TULLY DENTAL CLINIC,508,508.00,0.00,0.0000
2024-01-01,Cairns and Hinterland,CHILLAGOE DENTAL CLINIC,0,0.00,0.00,0
2024-01-01,Central Queensland,ROCKHAMPTON DENTAL CLINIC,3592,3592.00,0.00,0.0000
2024-01-01,Central Queensland,BILOELA DENTAL CLINIC,309,309.00,0.00,0.0000
2024-01-01,Central Queensland,CAPRICORN COAST DENTAL,1695,1695.00,0.00,0.0000
2024-01-01,Central Queensland,MT MORGAN DENTAL CLINIC,228,228.00,0.00,0.0000
2024-01-01,Central Queensland,GLADSTONE DENTAL CLINIC,1977,1977.00,0.00,0.0000
2024-01-01,Central Queensland,EMERALD DENTAL CLINIC,518,518.00,0.00,0.0000
2024-01-01,Central West,CENTRAL WEST DENTAL CLINICS,1045,1045.25,0.25,0.0002
2024-01-01,Darling Downs,TOOWOOMBA DENTAL CLINIC,4298,4298.00,0.00,0.0000
2024-01-01,Darling Downs,KINGAROY DENTAL CLINIC,2004,2004.00,0.00,0.0000
2024-01-01,Darling Downs,MILES DENTAL CLINIC,401,401.00,0.00,0.0000
2024-01-01,Darling Downs,DALBY DENTAL CLINIC,796,796.00,0.00,0.0000
2024-01-01,Darling Downs,INGLEWOOD DENTAL CLINIC,112,112.00,0.00,0.0000
2024-01-01,Darling Downs,GOONDIWINDI DENTAL CLINIC,211,211.00,0.00,0.0000
2024-01-01,Darling Downs,WARWICK DENTAL CLINIC,737,737.00,0.00,0.0000
2024-01-01,Darling Downs,STANTHORPE DENTAL CLINIC,717,717.00,0.00,0.0000
2024-01-01,Gold Coast,PALM BEACH DENTAL CLINIC,726,726.00,0.00,0.0000
2024-01-01,Gold Coast,ROBINA DENTAL CLINIC,1095,1095.00,0.00,0.0000
2024-01-01,Gold Coast,GCUH DENTAL CLINIC,75,75.00,0.00,0.0000
2024-01-01,Gold Coast,GC SOUTHPORT HEALTH PREC,7028,7028.00,0.00,0.0000
2024-01-01,Mackay,PROSERPINE DENTAL,969,969.00,0.00,0.0000
2024-01-01,Mackay,MACKAY DENTAL CLINIC,4925,4925.00,0.00,0.0000
2024-01-01,Mackay,CLERMONT DENTAL CLINIC,33,33.00,0.00,0.0000
2024-01-01,Mackay,COLLINSVILLE DENTAL CLINI,37,37.00,0.00,0.0000
2024-01-01,Mackay,BOWEN DENTAL CLINIC,913,913.00,0.00,0.0000
2024-01-01,Metro North,ORAL HEALTH CENTRE,3402,3402.00,0.00,0.0000
2024-01-01,Metro North,CABOOLTURE DENTAL CLINIC,3884,3884.00,0.00,0.0000
2024-01-01,Metro North,KILCOY DENTAL CLINIC,0,0.00,0.00,0
2024-01-01,Metro North,KALLANGUR SATELLITE CLINI,2149,2149.00,0.00,0.0000
2024-01-01,Metro North,REDCLIFFE DENTAL CLINIC,2346,2346.00,0.00,0.0000
2024-01-01,Metro North,SANDGATE DENTAL CLINIC,1055,1055.00,0.00,0.0000
2024-01-01,Metro North,STAFFORD DENTAL CLINIC,2029,2029.00,0.00,0.0000
2024-01-01,Metro South,KINGSTON LOGAN CLUSTER,5559,5559.00,0.00,0.0000
2024-01-01,Metro South,MS INNER BRISBANE CLUSTER,4706,4706.00,0.00,0.0000
2024-01-01,Metro South,BAYSIDE CLUSTER,5999,5999.00,0.00,0.0000
2024-01-01,Metro South,NATHAN INALA CLUSTER,5847,5847.00,0.00,0.0000
2024-01-01,Metro South,BEENLEIGH BEAUDESERT CLUS,10163,10163.00,0.00,0.0000
2024-01-01,North West,MORNINGTON ISLAND DENTAL,175,203.00,28.00,0.1379
2024-01-01,North West,MT ISA DENTAL CLINIC,410,410.00,0.00,0.0000
2024-01-01,South West,CUNNAMULLA DENTAL CLINIC,108,108.00,0.00,0.0000
2024-01-01,South West,INJUNE DENTAL CLINIC,20,20.00,0.00,0.0000
2024-01-01,South West,DIRRANBANDI DENTAL CLINIC,21,21.00,0.00,0.0000
2024-01-01,South West,MUNGINDI DENTAL CLINIC,13,13.00,0.00,0.0000
2024-01-01,South West,MITCHELL DENTAL CLINIC,89,89.00,0.00,0.0000
2024-01-01,South West,CHARLEVILLE DENTAL CLINIC,172,172.00,0.00,0.0000
2024-01-01,South West,QUILPIE DENTAL CLINIC,19,19.00,0.00,0.0000
2024-01-01,South West,ROMA HOSPITAL DENTAL CLIN,497,497.00,0.00,0.0000
2024-01-01,South West,ST GEORGE DENTAL CLINIC,73,73.00,0.00,0.0000
2024-01-01,South West,SURAT DENTAL CLINIC,24,24.00,0.00,0.0000
2024-01-01,South West,THARGOMINDAH DENTAL SERVI,3,3.00,0.00,0.0000
2024-01-01,Sunshine Coast,NAMBOUR DENTAL CLINIC,1813,1813.00,0.00,0.0000
2024-01-01,Sunshine Coast,KAWANA DENTAL CLINIC,2878,2878.00,0.00,0.0000
2024-01-01,Sunshine Coast,SCUH DENTAL CLINIC,0,0.00,0.00,0
2024-01-01,Sunshine Coast,GYMPIE DENTAL CLINIC,2365,2365.00,0.00,0.0000
2024-01-01,Sunshine Coast,CALOUNDRA DENTAL CLINIC,3243,3243.00,0.00,0.0000
2024-01-01,Sunshine Coast,NOOSA DENTAL CLINIC,1529,1529.00,0.00,0.0000
2024-01-01,Torres and Cape,TORRES STRAIT DENTAL CLINIC,548,600.25,52.25,0.0870
2024-01-01,Torres and Cape,CAPE YORK DENTAL CLINIC,493,549.00,56.00,0.1020
2024-01-01,Townsville,RICHMOND DENTAL CLINIC,3,3.00,0.00,0.0000
2024-01-01,Townsville,AYR DENTAL CLINIC,268,268.00,0.00,0.0000
2024-01-01,Townsville,HUGHENDEN DENTAL CLINIC,9,9.00,0.00,0.0000
2024-01-01,Townsville,TOWNSVILLE DENTAL CLINIC,2467,2467.00,0.00,0.0000
2024-01-01,Townsville,INGHAM DENTAL CLINIC,281,281.00,0.00,0.0000
2024-01-01,Townsville,CHARTERS TOWERS DENTAL CL,191,191.00,0.00,0.0000
2024-01-01,West Moreton,IPSWICH DENTAL CLINIC,5024,5024.75,0.75,0.0001
2024-01-01,West Moreton,COLLINGWOOD PARK DENTAL C,997,997.00,0.00,0.0000
2024-01-01,West Moreton,ESK DENTAL CLINIC,290,290.00,0.00,0.0000
2024-01-01,West Moreton,LAIDLEY DENTAL CLINIC,1340,1340.00,0.00,0.0000
2024-01-01,West Moreton,BOONAH DENTAL CLINIC,330,330.00,0.00,0.0000
2024-01-01,West Moreton,GATTON DENTAL CLINIC,2,2.00,0.00,0.0000
2024-01-01,Wide Bay,MARYBOROUGH DENTAL CLINIC,2651,2651.00,0.00,0.0000
2024-01-01,Wide Bay,BUNDABERG DENTAL CLINIC,3936,3936.00,0.00,0.0000
2024-01-01,Wide Bay,CHILDERS DENTAL CLINIC,248,248.00,0.00,0.0000
2024-01-01,Wide Bay,HERVEY BAY DENTAL CLINIC,3835,3835.00,0.00,0.0000
2024-01-01,Wide Bay,MONTO DENTAL CLINIC,64,64.00,0.00,0.0000
2024-01-01,Wide Bay,MUNDUBBERA DENTAL CLINIC,134,134.00,0.00,0.0000
2024-01-01,Wide Bay,GAYNDAH DENTAL CLINIC,306,306.00,0.00,0.0000
2024-04-01,Cairns and Hinterland,EDMONTON DENTAL CLINIC,1188,1188.00,0.00,0.0000
2024-04-01,Cairns and Hinterland,GEORGETOWN DENTAL CLINIC,0,0.00,0.00,0
2024-04-01,Cairns and Hinterland,YARRABAH DENTAL CLINIC,1,1.00,0.00,0.0000
2024-04-01,Cairns and Hinterland,TULLY DENTAL CLINIC,554,554.00,0.00,0.0000
2024-04-01,Cairns and Hinterland,SMITHFIELD DENTAL CLINIC,852,852.00,0.00,0.0000
2024-04-01,Cairns and Hinterland,ATHERTON DENTAL CLINIC,756,756.00,0.00,0.0000
2024-04-01,Cairns and Hinterland,MAREEBA DENTAL CLINIC,1065,1065.00,0.00,0.0000
2024-04-01,Cairns and Hinterland,CHILLAGOE DENTAL CLINIC,0,0.00,0.00,0
2024-04-01,Cairns and Hinterland,INNISFAIL DENTAL CLINIC,992,992.00,0.00,0.0000
2024-04-01,Cairns and Hinterland,CROYDON DENTAL CLINIC,0,0.00,0.00,0
2024-04-01,Cairns and Hinterland,CAIRNS NTH DENTAL CLINIC,2771,2771.00,0.00,0.0000
2024-04-01,Cairns and Hinterland,MOSSMAN DENTAL CLINIC,440,440.00,0.00,0.0000
2024-04-01,Central Queensland,BILOELA DENTAL CLINIC,337,337.00,0.00,0.0000
2024-04-01,Central Queensland,EMERALD DENTAL CLINIC,582,582.00,0.00,0.0000
2024-04-01,Central Queensland,MT MORGAN DENTAL CLINIC,142,142.00,0.00,0.0000
2024-04-01,Central Queensland,GLADSTONE DENTAL CLINIC,2036,2036.00,0.00,0.0000
2024-04-01,Central Queensland,CAPRICORN COAST DENTAL,1424,1424.00,0.00,0.0000
2024-04-01,Central Queensland,ROCKHAMPTON DENTAL CLINIC,3649,3649.00,0.00,0.0000
2024-04-01,Central West,CENTRAL WEST DENTAL CLINICS,984,984.25,0.25,0.0003
2024-04-01,Darling Downs,MILES DENTAL CLINIC,434,434.00,0.00,0.0000
2024-04-01,Darling Downs,DALBY DENTAL CLINIC,815,815.00,0.00,0.0000
2024-04-01,Darling Downs,KINGAROY DENTAL CLINIC,2131,2131.00,0.00,0.0000
2024-04-01,Darling Downs,WARWICK DENTAL CLINIC,855,855.00,0.00,0.0000
2024-04-01,Darling Downs,GOONDIWINDI DENTAL CLINIC,220,220.00,0.00,0.0000
2024-04-01,Darling Downs,TOOWOOMBA DENTAL CLINIC,4700,4700.00,0.00,0.0000
2024-04-01,Darling Downs,STANTHORPE DENTAL CLINIC,827,827.00,0.00,0.0000
2024-04-01,Darling Downs,INGLEWOOD DENTAL CLINIC,124,124.00,0.00,0.0000
2024-04-01,Gold Coast,ROBINA DENTAL CLINIC,1080,1080.00,0.00,0.0000
2024-04-01,Gold Coast,GCUH DENTAL CLINIC,94,94.00,0.00,0.0000
2024-04-01,Gold Coast,PALM BEACH DENTAL CLINIC,587,587.00,0.00,0.0000
2024-04-01,Gold Coast,GC SOUTHPORT HEALTH PREC,7350,7350.00,0.00,0.0000
2024-04-01,Mackay,MACKAY DENTAL CLINIC,5030,5030.00,0.00,0.0000
2024-04-01,Mackay,CLERMONT DENTAL CLINIC,38,38.00,0.00,0.0000
2024-04-01,Mackay,BOWEN DENTAL CLINIC,897,897.00,0.00,0.0000
2024-04-01,Mackay,COLLINSVILLE DENTAL CLINI,35,35.00,0.00,0.0000
2024-04-01,Mackay,PROSERPINE DENTAL,958,958.00,0.00,0.0000
2024-04-01,Metro North,KILCOY DENTAL CLINIC,0,0.00,0.00,0
2024-04-01,Metro North,CABOOLTURE DENTAL CLINIC,4468,4468.00,0.00,0.0000
2024-04-01,Metro North,KALLANGUR SATELLITE CLINI,2321,2321.00,0.00,0.0000
2024-04-01,Metro North,ORAL HEALTH CENTRE,3457,3457.00,0.00,0.0000
2024-04-01,Metro North,REDCLIFFE DENTAL CLINIC,2563,2563.00,0.00,0.0000
2024-04-01,Metro North,SANDGATE DENTAL CLINIC,1198,1198.00,0.00,0.0000
2024-04-01,Metro North,STAFFORD DENTAL CLINIC,2149,2149.00,0.00,0.0000
2024-04-01,Metro South,NATHAN INALA CLUSTER,5528,5528.00,0.00,0.0000
2024-04-01,Metro South,BEENLEIGH BEAUDESERT CLUS,9673,9673.00,0.00,0.0000
2024-04-01,Metro South,KINGSTON LOGAN CLUSTER,5390,5390.00,0.00,0.0000
2024-04-01,Metro South,BAYSIDE CLUSTER,5511,5511.00,0.00,0.0000
2024-04-01,Metro South,MS INNER BRISBANE CLUSTER,4645,4645.00,0.00,0.0000
2024-04-01,North West,MT ISA DENTAL CLINIC,425,425.00,0.00,0.0000
2024-04-01,North West,MORNINGTON ISLAND DENTAL,129,130.75,1.75,0.0134
2024-04-01,South West,CUNNAMULLA DENTAL CLINIC,89,89.00,0.00,0.0000
2024-04-01,South West,QUILPIE DENTAL CLINIC,21,21.00,0.00,0.0000
2024-04-01,South West,INJUNE DENTAL CLINIC,22,22.00,0.00,0.0000
2024-04-01,South West,MUNGINDI DENTAL CLINIC,14,14.00,0.00,0.0000
2024-04-01,South West,MITCHELL DENTAL CLINIC,95,95.00,0.00,0.0000
2024-04-01,South West,DIRRANBANDI DENTAL CLINIC,10,10.00,0.00,0.0000
2024-04-01,South West,SURAT DENTAL CLINIC,26,26.00,0.00,0.0000
2024-04-01,South West,ST GEORGE DENTAL CLINIC,77,77.00,0.00,0.0000
2024-04-01,South West,ROMA HOSPITAL DENTAL CLIN,508,508.00,0.00,0.0000
2024-04-01,South West,CHARLEVILLE DENTAL CLINIC,196,196.00,0.00,0.0000
2024-04-01,Sunshine Coast,KAWANA DENTAL CLINIC,3161,3161.25,0.25,0.0001
2024-04-01,Sunshine Coast,CALOUNDRA DENTAL CLINIC,3593,3593.25,0.25,0.0001
2024-04-01,Sunshine Coast,GYMPIE DENTAL CLINIC,2570,2570.00,0.00,0.0000
2024-04-01,Sunshine Coast,NOOSA DENTAL CLINIC,1702,1702.00,0.00,0.0000
2024-04-01,Sunshine Coast,NAMBOUR DENTAL CLINIC,1945,1945.00,0.00,0.0000
2024-04-01,Torres and Cape,TORRES STRAIT DENTAL CLINIC,557,631.75,74.75,0.1183
2024-04-01,Torres and Cape,CAPE YORK DENTAL CLINIC,519,591.50,72.50,0.1226
2024-04-01,Townsville,HUGHENDEN DENTAL CLINIC,7,7.00,0.00,0.0000
2024-04-01,Townsville,AYR DENTAL CLINIC,289,289.00,0.00,0.0000
2024-04-01,Townsville,CHARTERS TOWERS DENTAL CL,214,214.00,0.00,0.0000
2024-04-01,Townsville,INGHAM DENTAL CLINIC,336,336.00,0.00,0.0000
2024-04-01,Townsville,TOWNSVILLE DENTAL CLINIC,2556,2556.00,0.00,0.0000
2024-04-01,Townsville,RICHMOND DENTAL CLINIC,3,3.00,0.00,0.0000
2024-04-01,West Moreton,IPSWICH DENTAL CLINIC,6022,6148.50,126.50,0.0206
2024-04-01,West Moreton,COLLINGWOOD PARK DENTAL C,1205,1235.00,30.00,0.0243
2024-04-01,West Moreton,ESK DENTAL CLINIC,354,362.25,8.25,0.0228
2024-04-01,West Moreton,GATTON DENTAL CLINIC,3,3.00,0.00,0.0000
2024-04-01,West Moreton,LAIDLEY DENTAL CLINIC,1564,1597.75,33.75,0.0211
2024-04-01,West Moreton,BOONAH DENTAL CLINIC,376,387.75,11.75,0.0303
2024-04-01,Wide Bay,GAYNDAH DENTAL CLINIC,325,325.00,0.00,0.0000
2024-04-01,Wide Bay,CHILDERS DENTAL CLINIC,255,255.00,0.00,0.0000
2024-04-01,Wide Bay,MUNDUBBERA DENTAL CLINIC,142,142.00,0.00,0.0000
2024-04-01,Wide Bay,BUNDABERG DENTAL CLINIC,3956,3956.00,0.00,0.0000
2024-04-01,Wide Bay,MONTO DENTAL CLINIC,66,66.00,0.00,0.0000
2024-04-01,Wide Bay,HERVEY BAY DENTAL CLINIC,4054,4054.00,0.00,0.0000
2024-04-01,Wide Bay,MARYBOROUGH DENTAL CLINIC,2703,2703.00,0.00,0.0000
2024-07-01,Cairns and Hinterland,MAREEBA DENTAL CLINIC,1024,1024.00,0.00,0.0000
2024-07-01,Cairns and Hinterland,TULLY DENTAL CLINIC,621,621.00,0.00,0.0000
2024-07-01,Cairns and Hinterland,EDMONTON DENTAL CLINIC,1233,1233.00,0.00,0.0000
2024-07-01,Cairns and Hinterland,SMITHFIELD DENTAL CLINIC,868,868.00,0.00,0.0000
2024-07-01,Cairns and Hinterland,INNISFAIL DENTAL CLINIC,949,949.00,0.00,0.0000
2024-07-01,Cairns and Hinterland,CAIRNS NTH DENTAL CLINIC,2632,2632.00,0.00,0.0000
2024-07-01,Cairns and Hinterland,YARRABAH DENTAL CLINIC,0,0.00,0.00,0
2024-07-01,Cairns and Hinterland,ATHERTON DENTAL CLINIC,792,792.25,0.25,0.0003
2024-07-01,Cairns and Hinterland,MOSSMAN DENTAL CLINIC,429,429.00,0.00,0.0000
2024-07-01,Central Queensland,ROCKHAMPTON DENTAL CLINIC,3569,3569.00,0.00,0.0000
2024-07-01,Central Queensland,MT MORGAN DENTAL CLINIC,127,127.00,0.00,0.0000
2024-07-01,Central Queensland,EMERALD DENTAL CLINIC,462,462.00,0.00,0.0000
2024-07-01,Central Queensland,GLADSTONE DENTAL CLINIC,2088,2088.00,0.00,0.0000
2024-07-01,Central Queensland,BILOELA DENTAL CLINIC,368,368.00,0.00,0.0000
2024-07-01,Central Queensland,CAPRICORN COAST DENTAL,1356,1356.00,0.00,0.0000
2024-07-01,Central West,CENTRAL WEST DENTAL CLINICS,1020,1020.50,0.50,0.0005
2024-07-01,Darling Downs,GOONDIWINDI DENTAL CLINIC,194,194.00,0.00,0.0000
2024-07-01,Darling Downs,MILES DENTAL CLINIC,419,419.00,0.00,0.0000
2024-07-01,Darling Downs,KINGAROY DENTAL CLINIC,2231,2231.00,0.00,0.0000
2024-07-01,Darling Downs,DALBY DENTAL CLINIC,814,814.00,0.00,0.0000
2024-07-01,Darling Downs,INGLEWOOD DENTAL CLINIC,107,107.00,0.00,0.0000
2024-07-01,Darling Downs,WARWICK DENTAL CLINIC,876,876.00,0.00,0.0000
2024-07-01,Darling Downs,STANTHORPE DENTAL CLINIC,834,834.00,0.00,0.0000
2024-07-01,Darling Downs,TOOWOOMBA DENTAL CLINIC,4715,4715.00,0.00,0.0000
2024-07-01,Gold Coast,GC SOUTHPORT HEALTH PREC,7798,7798.00,0.00,0.0000
2024-07-01,Gold Coast,PALM BEACH DENTAL CLINIC,522,522.00,0.00,0.0000
2024-07-01,Gold Coast,ROBINA DENTAL CLINIC,1129,1129.00,0.00,0.0000
2024-07-01,Gold Coast,GCUH DENTAL CLINIC,127,127.00,0.00,0.0000
2024-07-01,Mackay,BOWEN DENTAL CLINIC,812,812.00,0.00,0.0000
2024-07-01,Mackay,MACKAY DENTAL CLINIC,4593,4593.00,0.00,0.0000
2024-07-01,Mackay,CLERMONT DENTAL CLINIC,40,40.00,0.00,0.0000
2024-07-01,Mackay,PROSERPINE DENTAL,813,813.00,0.00,0.0000
2024-07-01,Mackay,COLLINSVILLE DENTAL CLINI,28,28.00,0.00,0.0000
2024-07-01,Metro North,STAFFORD DENTAL CLINIC,2466,2466.00,0.00,0.0000
2024-07-01,Metro North,SANDGATE DENTAL CLINIC,1409,1409.00,0.00,0.0000
2024-07-01,Metro North,REDCLIFFE DENTAL CLINIC,2958,2958.00,0.00,0.0000
2024-07-01,Metro North,KALLANGUR SATELLITE CLINI,2627,2627.00,0.00,0.0000
2024-07-01,Metro North,KILCOY DENTAL CLINIC,0,0.00,0.00,0
2024-07-01,Metro North,ORAL HEALTH CENTRE,3310,3310.00,0.00,0.0000
2024-07-01,Metro North,CHILDRENS ORAL HEALTH,0,0.00,0.00,0
2024-07-01,Metro North,CABOOLTURE DENTAL CLINIC,5157,5157.00,0.00,0.0000
2024-07-01,Metro South,BEENLEIGH BEAUDESERT CLUS,9998,9998.00,0.00,0.0000
2024-07-01,Metro South,NATHAN INALA CLUSTER,5853,5853.00,0.00,0.0000
2024-07-01,Metro South,MS INNER BRISBANE CLUSTER,5023,5023.00,0.00,0.0000
2024-07-01,Metro South,BAYSIDE CLUSTER,5495,5495.00,0.00,0.0000
2024-07-01,Metro South,KINGSTON LOGAN CLUSTER,5703,5703.00,0.00,0.0000
2024-07-01,North West,MT ISA DENTAL CLINIC,269,269.00,0.00,0.0000
2024-07-01,North West,MORNINGTON ISLAND DENTAL,119,119.00,0.00,0.0000
2024-07-01,South West,ST GEORGE DENTAL CLINIC,66,66.00,0.00,0.0000
2024-07-01,South West,MITCHELL DENTAL CLINIC,73,73.00,0.00,0.0000
2024-07-01,South West,DIRRANBANDI DENTAL CLINIC,13,13.00,0.00,0.0000
2024-07-01,South West,INJUNE DENTAL CLINIC,19,19.00,0.00,0.0000
2024-07-01,South West,MUNGINDI DENTAL CLINIC,12,12.00,0.00,0.0000
2024-07-01,South West,CUNNAMULLA DENTAL CLINIC,99,99.00,0.00,0.0000
2024-07-01,South West,CHARLEVILLE DENTAL CLINIC,200,200.00,0.00,0.0000
2024-07-01,South West,QUILPIE DENTAL CLINIC,29,29.00,0.00,0.0000
2024-07-01,South West,ROMA HOSPITAL DENTAL CLIN,559,559.00,0.00,0.0000
2024-07-01,South West,SURAT DENTAL CLINIC,24,24.00,0.00,0.0000
2024-07-01,South West,THARGOMINDAH DENTAL SERVI,2,2.00,0.00,0.0000
2024-07-01,Sunshine Coast,KAWANA DENTAL CLINIC,2935,2935.00,0.00,0.0000
2024-07-01,Sunshine Coast,NAMBOUR DENTAL CLINIC,1848,1848.00,0.00,0.0000
2024-07-01,Sunshine Coast,CALOUNDRA DENTAL CLINIC,3454,3454.00,0.00,0.0000
2024-07-01,Sunshine Coast,NOOSA DENTAL CLINIC,1677,1677.00,0.00,0.0000
2024-07-01,Sunshine Coast,GYMPIE DENTAL CLINIC,2425,2425.00,0.00,0.0000
2024-07-01,Torres and Cape,TORRES STRAIT DENTAL CLINIC,272,324.25,52.25,0.1611
2024-07-01,Torres and Cape,CAPE YORK DENTAL CLINIC,557,624.50,67.50,0.1081
2024-07-01,Townsville,AYR DENTAL CLINIC,294,294.00,0.00,0.0000
2024-07-01,Townsville,INGHAM DENTAL CLINIC,323,323.00,0.00,0.0000
2024-07-01,Townsville,TOWNSVILLE DENTAL CLINIC,2538,2538.00,0.00,0.0000
2024-07-01,Townsville,HUGHENDEN DENTAL CLINIC,9,9.00,0.00,0.0000
2024-07-01,Townsville,RICHMOND DENTAL CLINIC,4,4.00,0.00,0.0000
2024-07-01,Townsville,CHARTERS TOWERS DENTAL CL,186,186.00,0.00,0.0000
2024-07-01,West Moreton,COLLINGWOOD PARK DENTAL C,1133,1133.00,0.00,0.0000
2024-07-01,West Moreton,GATTON DENTAL CLINIC,3,3.00,0.00,0.0000
2024-07-01,West Moreton,BOONAH DENTAL CLINIC,335,335.00,0.00,0.0000
2024-07-01,West Moreton,IPSWICH DENTAL CLINIC,5955,5955.00,0.00,0.0000
2024-07-01,West Moreton,ESK DENTAL CLINIC,343,343.00,0.00,0.0000
2024-07-01,West Moreton,LAIDLEY DENTAL CLINIC,1457,1457.00,0.00,0.0000
2024-07-01,Wide Bay,MUNDUBBERA DENTAL CLINIC,142,142.00,0.00,0.0000
2024-07-01,Wide Bay,CHILDERS DENTAL CLINIC,263,263.00,0.00,0.0000
2024-07-01,Wide Bay,HERVEY BAY DENTAL CLINIC,3936,3936.00,0.00,0.0000
2024-07-01,Wide Bay,MONTO DENTAL CLINIC,61,61.00,0.00,0.0000
2024-07-01,Wide Bay,GAYNDAH DENTAL CLINIC,338,338.00,0.00,0.0000
2024-07-01,Wide Bay,MARYBOROUGH DENTAL CLINIC,2372,2372.00,0.00,0.0000
2024-07-01,Wide Bay,BUNDABERG DENTAL CLINIC,3691,3691.00,0.00,0.0000
2024-10-01,Cairns and Hinterland,CAIRNS NTH DENTAL CLINIC,2722,2722.00,0.00,0.0000
2024-10-01,Cairns and Hinterland,ATHERTON DENTAL CLINIC,901,901.00,0.00,0.0000
2024-10-01,Cairns and Hinterland,GEORGETOWN DENTAL CLINIC,0,0.00,0.00,0
2024-10-01,Cairns and Hinterland,SMITHFIELD DENTAL CLINIC,867,867.00,0.00,0.0000
2024-10-01,Cairns and Hinterland,TULLY DENTAL CLINIC,700,700.00,0.00,0.0000
2024-10-01,Cairns and Hinterland,YARRABAH DENTAL CLINIC,3,3.00,0.00,0.0000
2024-10-01,Cairns and Hinterland,CROYDON DENTAL CLINIC,0,0.00,0.00,0
2024-10-01,Cairns and Hinterland,INNISFAIL DENTAL CLINIC,1090,1090.00,0.00,0.0000
2024-10-01,Cairns and Hinterland,MOSSMAN DENTAL CLINIC,487,487.00,0.00,0.0000
2024-10-01,Cairns and Hinterland,EDMONTON DENTAL CLINIC,1355,1355.00,0.00,0.0000
2024-10-01,Cairns and Hinterland,MAREEBA DENTAL CLINIC,1127,1127.00,0.00,0.0000
2024-10-01,Central Queensland,ROCKHAMPTON DENTAL CLINIC,3902,3902.00,0.00,0.0000
2024-10-01,Central Queensland,GLADSTONE DENTAL CLINIC,2256,2256.00,0.00,0.0000
2024-10-01,Central Queensland,CAPRICORN COAST DENTAL,1422,1422.00,0.00,0.0000
2024-10-01,Central Queensland,EMERALD DENTAL CLINIC,524,524.00,0.00,0.0000
2024-10-01,Central Queensland,BILOELA DENTAL CLINIC,351,351.00,0.00,0.0000
2024-10-01,Central Queensland,MT MORGAN DENTAL CLINIC,138,138.00,0.00,0.0000
2024-10-01,Central West,CENTRAL WEST DENTAL CLINICS,1064,1064.75,0.75,0.0007
2024-10-01,Darling Downs,DALBY DENTAL CLINIC,747,747.00,0.00,0.0000
2024-10-01,Darling Downs,INGLEWOOD DENTAL CLINIC,95,95.00,0.00,0.0000
2024-10-01,Darling Downs,KINGAROY DENTAL CLINIC,2362,2362.00,0.00,0.0000
2024-10-01,Darling Downs,MILES DENTAL CLINIC,455,455.00,0.00,0.0000
2024-10-01,Darling Downs,WARWICK DENTAL CLINIC,850,850.00,0.00,0.0000
2024-10-01,Darling Downs,GOONDIWINDI DENTAL CLINIC,167,167.00,0.00,0.0000
2024-10-01,Darling Downs,TOOWOOMBA DENTAL CLINIC,4637,4637.00,0.00,0.0000
2024-10-01,Darling Downs,STANTHORPE DENTAL CLINIC,771,771.00,0.00,0.0000
2024-10-01,Gold Coast,PALM BEACH DENTAL CLINIC,622,622.00,0.00,0.0000
2024-10-01,Gold Coast,GCUH DENTAL CLINIC,127,127.00,0.00,0.0000
2024-10-01,Gold Coast,GC SOUTHPORT HEALTH PREC,8081,8081.00,0.00,0.0000
2024-10-01,Gold Coast,ROBINA DENTAL CLINIC,1239,1239.00,0.00,0.0000
2024-10-01,Mackay,PROSERPINE DENTAL,1055,1055.00,0.00,0.0000
2024-10-01,Mackay,CLERMONT DENTAL CLINIC,40,40.00,0.00,0.0000
2024-10-01,Mackay,BOWEN DENTAL CLINIC,882,882.00,0.00,0.0000
2024-10-01,Mackay,MACKAY DENTAL CLINIC,4977,4977.00,0.00,0.0000
2024-10-01,Mackay,COLLINSVILLE DENTAL CLINI,36,36.00,0.00,0.0000
2024-10-01,Metro North,CHILDRENS ORAL HEALTH,0,0.00,0.00,0
2024-10-01,Metro North,REDCLIFFE DENTAL CLINIC,3202,3202.00,0.00,0.0000
2024-10-01,Metro North,KALLANGUR SATELLITE CLINI,2994,2994.00,0.00,0.0000
2024-10-01,Metro North,ORAL HEALTH CENTRE,3791,3791.00,0.00,0.0000
2024-10-01,Metro North,KILCOY DENTAL CLINIC,0,0.00,0.00,0
2024-10-01,Metro North,STAFFORD DENTAL CLINIC,2785,2785.00,0.00,0.0000
2024-10-01,Metro North,CABOOLTURE DENTAL CLINIC,5826,5826.00,0.00,0.0000
2024-10-01,Metro North,SANDGATE DENTAL CLINIC,1570,1570.00,0.00,0.0000
2024-10-01,Metro South,BEENLEIGH BEAUDESERT CLUS,9572,9572.00,0.00,0.0000
2024-10-01,Metro South,BAYSIDE CLUSTER,5406,5406.00,0.00,0.0000
2024-10-01,Metro South,MS INNER BRISBANE CLUSTER,4906,4906.00,0.00,0.0000
2024-10-01,Metro South,KINGSTON LOGAN CLUSTER,5444,5444.00,0.00,0.0000
2024-10-01,Metro South,NATHAN INALA CLUSTER,5746,5746.00,0.00,0.0000
2024-10-01,North West,MT ISA DENTAL CLINIC,328,328.00,0.00,0.0000
2024-10-01,North West,MORNINGTON ISLAND DENTAL,118,118.00,0.00,0.0000
2024-10-01,South West,CHARLEVILLE DENTAL CLINIC,230,230.00,0.00,0.0000
2024-10-01,South West,INJUNE DENTAL CLINIC,16,16.00,0.00,0.0000
2024-10-01,South West,CUNNAMULLA DENTAL CLINIC,97,97.00,0.00,0.0000
2024-10-01,South West,DIRRANBANDI DENTAL CLINIC,11,11.00,0.00,0.0000
2024-10-01,South West,MITCHELL DENTAL CLINIC,75,75.00,0.00,0.0000
2024-10-01,South West,MUNGINDI DENTAL CLINIC,15,15.00,0.00,0.0000
2024-10-01,South West,QUILPIE DENTAL CLINIC,26,26.00,0.00,0.0000
2024-10-01,South West,ROMA HOSPITAL DENTAL CLIN,553,553.00,0.00,0.0000
2024-10-01,South West,ST GEORGE DENTAL CLINIC,61,61.00,0.00,0.0000
2024-10-01,South West,SURAT DENTAL CLINIC,23,23.00,0.00,0.0000
2024-10-01,South West,THARGOMINDAH DENTAL SERVI,11,11.00,0.00,0.0000
2024-10-01,Sunshine Coast,NAMBOUR DENTAL CLINIC,1642,1642.00,0.00,0.0000
2024-10-01,Sunshine Coast,NOOSA DENTAL CLINIC,1434,1434.00,0.00,0.0000
2024-10-01,Sunshine Coast,GYMPIE DENTAL CLINIC,2281,2281.00,0.00,0.0000
2024-10-01,Sunshine Coast,CALOUNDRA DENTAL CLINIC,3235,3235.00,0.00,0.0000
2024-10-01,Sunshine Coast,KAWANA DENTAL CLINIC,2768,2768.00,0.00,0.0000
2024-10-01,Torres and Cape,CAPE YORK DENTAL CLINIC,543,611.00,68.00,0.1113
2024-10-01,Torres and Cape,TORRES STRAIT DENTAL CLINIC,254,301.75,47.75,0.1582
2024-10-01,Townsville,RICHMOND DENTAL CLINIC,5,5.00,0.00,0.0000
2024-10-01,Townsville,INGHAM DENTAL CLINIC,347,347.00,0.00,0.0000
2024-10-01,Townsville,CHARTERS TOWERS DENTAL CL,153,153.00,0.00,0.0000
2024-10-01,Townsville,AYR DENTAL CLINIC,319,319.00,0.00,0.0000
2024-10-01,Townsville,TOWNSVILLE DENTAL CLINIC,2618,2618.00,0.00,0.0000
2024-10-01,Townsville,HUGHENDEN DENTAL CLINIC,15,15.00,0.00,0.0000
2024-10-01,West Moreton,ESK DENTAL CLINIC,367,370.25,3.25,0.0088
2024-10-01,West Moreton,LAIDLEY DENTAL CLINIC,1602,1619.25,17.25,0.0107
2024-10-01,West Moreton,BOONAH DENTAL CLINIC,373,378.25,5.25,0.0139
2024-10-01,West Moreton,COLLINGWOOD PARK DENTAL C,1234,1242.00,8.00,0.0064
2024-10-01,West Moreton,IPSWICH DENTAL CLINIC,6449,6503.00,54.00,0.0083
2024-10-01,West Moreton,GATTON DENTAL CLINIC,7,7.00,0.00,0.0000
2024-10-01,Wide Bay,HERVEY BAY DENTAL CLINIC,4468,4468.00,0.00,0.0000
2024-10-01,Wide Bay,BUNDABERG DENTAL CLINIC,3830,3830.00,0.00,0.0000
2024-10-01,Wide Bay,MUNDUBBERA DENTAL CLINIC,133,133.00,0.00,0.0000
2024-10-01,Wide Bay,GAYNDAH DENTAL CLINIC,347,347.00,0.00,0.0000
2024-10-01,Wide Bay,CHILDERS DENTAL CLINIC,273,273.00,0.00,0.0000
2024-10-01,Wide Bay,MARYBOROUGH DENTAL CLINIC,2621,2621.00,0.00,0.0000
2024-10-01,Wide Bay,MONTO DENTAL CLINIC,60,60.00,0.00,0.0000
2025-01-01,Cairns and Hinterland,INNISFAIL DENTAL CLINIC,995,995.00,0.00,0.0000
2025-01-01,Cairns and Hinterland,CHILLAGOE DENTAL CLINIC,0,0.00,0.00,0
2025-01-01,Cairns and Hinterland,CAIRNS NTH DENTAL CLINIC,3026,3026.00,0.00,0.0000
2025-01-01,Cairns and Hinterland,MAREEBA DENTAL CLINIC,1081,1081.00,0.00,0.0000
2025-01-01,Cairns and Hinterland,TULLY DENTAL CLINIC,690,690.00,0.00,0.0000
2025-01-01,Cairns and Hinterland,EDMONTON DENTAL CLINIC,1380,1380.00,0.00,0.0000
2025-01-01,Cairns and Hinterland,SMITHFIELD DENTAL CLINIC,946,946.00,0.00,0.0000
2025-01-01,Cairns and Hinterland,YARRABAH DENTAL CLINIC,0,0.00,0.00,0
2025-01-01,Cairns and Hinterland,ATHERTON DENTAL CLINIC,915,915.00,0.00,0.0000
2025-01-01,Cairns and Hinterland,MOSSMAN DENTAL CLINIC,566,566.00,0.00,0.0000
2025-01-01,Central Queensland,EMERALD DENTAL CLINIC,454,454.00,0.00,0.0000
2025-01-01,Central Queensland,MT MORGAN DENTAL CLINIC,137,137.00,0.00,0.0000
2025-01-01,Central Queensland,ROCKHAMPTON DENTAL CLINIC,3920,3920.00,0.00,0.0000
2025-01-01,Central Queensland,CAPRICORN COAST DENTAL,1374,1374.00,0.00,0.0000
2025-01-01,Central Queensland,BILOELA DENTAL CLINIC,356,356.00,0.00,0.0000
2025-01-01,Central Queensland,GLADSTONE DENTAL CLINIC,2395,2395.00,0.00,0.0000
2025-01-01,Central West,CENTRAL WEST DENTAL CLINICS,1162,1162.50,0.50,0.0004
2025-01-01,Darling Downs,GOONDIWINDI DENTAL CLINIC,132,132.00,0.00,0.0000
2025-01-01,Darling Downs,STANTHORPE DENTAL CLINIC,831,831.00,0.00,0.0000
2025-01-01,Darling Downs,WARWICK DENTAL CLINIC,892,892.00,0.00,0.0000
2025-01-01,Darling Downs,TOOWOOMBA DENTAL CLINIC,4867,4867.00,0.00,0.0000
2025-01-01,Darling Downs,KINGAROY DENTAL CLINIC,2327,2327.00,0.00,0.0000
2025-01-01,Darling Downs,DALBY DENTAL CLINIC,737,737.00,0.00,0.0000
2025-01-01,Darling Downs,INGLEWOOD DENTAL CLINIC,107,107.00,0.00,0.0000
2025-01-01,Darling Downs,MILES DENTAL CLINIC,453,453.00,0.00,0.0000
2025-01-01,Gold Coast,ROBINA DENTAL CLINIC,1446,1446.00,0.00,0.0000
2025-01-01,Gold Coast,PALM BEACH DENTAL CLINIC,779,779.00,0.00,0.0000
2025-01-01,Gold Coast,GCUH DENTAL CLINIC,156,156.00,0.00,0.0000
2025-01-01,Gold Coast,GC SOUTHPORT HEALTH PREC,8006,8006.00,0.00,0.0000
2025-01-01,Mackay,MACKAY DENTAL CLINIC,4512,4512.00,0.00,0.0000
2025-01-01,Mackay,PROSERPINE DENTAL,1061,1061.00,0.00,0.0000
2025-01-01,Mackay,BOWEN DENTAL CLINIC,870,870.00,0.00,0.0000
2025-01-01,Mackay,CLERMONT DENTAL CLINIC,24,24.00,0.00,0.0000
2025-01-01,Mackay,COLLINSVILLE DENTAL CLINI,39,39.00,0.00,0.0000
2025-01-01,Metro North,SANDGATE DENTAL CLINIC,1752,1752.00,0.00,0.0000
2025-01-01,Metro North,CABOOLTURE DENTAL CLINIC,6342,6342.00,0.00,0.0000
2025-01-01,Metro North,ORAL HEALTH CENTRE,3469,3469.00,0.00,0.0000
2025-01-01,Metro North,KALLANGUR SATELLITE CLINI,3259,3259.00,0.00,0.0000
2025-01-01,Metro North,REDCLIFFE DENTAL CLINIC,3416,3416.00,0.00,0.0000
2025-01-01,Metro North,STAFFORD DENTAL CLINIC,2931,2931.00,0.00,0.0000
2025-01-01,Metro South,BEENLEIGH BEAUDESERT CLUS,10192,10192.00,0.00,0.0000
2025-01-01,Metro South,NATHAN INALA CLUSTER,6164,6164.00,0.00,0.0000
2025-01-01,Metro South,BAYSIDE CLUSTER,5707,5707.00,0.00,0.0000
2025-01-01,Metro South,MS INNER BRISBANE CLUSTER,5138,5138.00,0.00,0.0000
2025-01-01,Metro South,KINGSTON LOGAN CLUSTER,5839,5839.00,0.00,0.0000
2025-01-01,North West,MT ISA DENTAL CLINIC,363,363.00,0.00,0.0000
2025-01-01,North West,MORNINGTON ISLAND DENTAL,129,129.00,0.00,0.0000
2025-01-01,South West,ST GEORGE DENTAL CLINIC,68,68.00,0.00,0.0000
2025-01-01,South West,MITCHELL DENTAL CLINIC,73,73.00,0.00,0.0000
2025-01-01,South West,MUNGINDI DENTAL CLINIC,19,19.00,0.00,0.0000
2025-01-01,South West,CUNNAMULLA DENTAL CLINIC,98,98.00,0.00,0.0000
2025-01-01,South West,DIRRANBANDI DENTAL CLINIC,16,16.00,0.00,0.0000
2025-01-01,South West,CHARLEVILLE DENTAL CLINIC,298,298.00,0.00,0.0000
2025-01-01,South West,INJUNE DENTAL CLINIC,18,18.00,0.00,0.0000
2025-01-01,South West,QUILPIE DENTAL CLINIC,27,27.00,0.00,0.0000
2025-01-01,South West,ROMA HOSPITAL DENTAL CLIN,571,571.00,0.00,0.0000
2025-01-01,South West,SURAT DENTAL CLINIC,27,27.00,0.00,0.0000
2025-01-01,South West,THARGOMINDAH DENTAL SERVI,15,15.00,0.00,0.0000
2025-01-01,Sunshine Coast,NAMBOUR DENTAL CLINIC,1770,1770.00,0.00,0.0000
2025-01-01,Sunshine Coast,GYMPIE DENTAL CLINIC,2242,2242.00,0.00,0.0000
2025-01-01,Sunshine Coast,CALOUNDRA DENTAL CLINIC,3198,3198.00,0.00,0.0000
2025-01-01,Sunshine Coast,NOOSA DENTAL CLINIC,1624,1624.00,0.00,0.0000
2025-01-01,Sunshine Coast,KAWANA DENTAL CLINIC,2875,2875.00,0.00,0.0000
2025-01-01,Sunshine Coast,SCUH DENTAL CLINIC,0,0.00,0.00,0
2025-01-01,Torres and Cape,CAPE YORK DENTAL CLINIC,519,578.25,59.25,0.1025
2025-01-01,Torres and Cape,TORRES STRAIT DENTAL CLINIC,304,357.00,53.00,0.1485
2025-01-01,Townsville,HUGHENDEN DENTAL CLINIC,19,19.00,0.00,0.0000
2025-01-01,Townsville,INGHAM DENTAL CLINIC,372,372.00,0.00,0.0000
2025-01-01,Townsville,CHARTERS TOWERS DENTAL CL,181,181.00,0.00,0.0000
2025-01-01,Townsville,TOWNSVILLE DENTAL CLINIC,2602,2602.00,0.00,0.0000
2025-01-01,Townsville,RICHMOND DENTAL CLINIC,6,6.00,0.00,0.0000
2025-01-01,Townsville,AYR DENTAL CLINIC,297,297.00,0.00,0.0000
2025-01-01,West Moreton,BOONAH DENTAL CLINIC,346,348.00,2.00,0.0057
2025-01-01,West Moreton,GATTON DENTAL CLINIC,7,7.00,0.00,0.0000
2025-01-01,West Moreton,LAIDLEY DENTAL CLINIC,1565,1581.50,16.50,0.0104
2025-01-01,West Moreton,COLLINGWOOD PARK DENTAL C,1231,1236.00,5.00,0.0040
2025-01-01,West Moreton,IPSWICH DENTAL CLINIC,6452,6519.25,67.25,0.0103
2025-01-01,West Moreton,ESK DENTAL CLINIC,352,355.25,3.25,0.0091
2025-01-01,Wide Bay,MARYBOROUGH DENTAL CLINIC,2503,2503.00,0.00,0.0000
2025-01-01,Wide Bay,BUNDABERG DENTAL CLINIC,3650,3650.00,0.00,0.0000
2025-01-01,Wide Bay,MONTO DENTAL CLINIC,61,61.00,0.00,0.0000
2025-01-01,Wide Bay,MUNDUBBERA DENTAL CLINIC,134,134.00,0.00,0.0000
2025-01-01,Wide Bay,GAYNDAH DENTAL CLINIC,360,360.00,0.00,0.0000
2025-01-01,Wide Bay,CHILDERS DENTAL CLINIC,266,266.00,0.00,0.0000
2025-01-01,Wide Bay,HERVEY BAY DENTAL CLINIC,4662,4662.00,0.00,0.0000
2025-04-01,Cairns and Hinterland,CAIRNS NTH DENTAL CLINIC,3363,3363.00,0.00,0.0000
2025-04-01,Cairns and Hinterland,YARRABAH DENTAL CLINIC,0,0.00,0.00,0
2025-04-01,Cairns and Hinterland,INNISFAIL DENTAL CLINIC,1058,1058.00,0.00,0.0000
2025-04-01,Cairns and Hinterland,MAREEBA DENTAL CLINIC,1106,1106.00,0.00,0.0000
2025-04-01,Cairns and Hinterland,ATHERTON DENTAL CLINIC,968,968.00,0.00,0.0000
2025-04-01,Cairns and Hinterland,MOSSMAN DENTAL CLINIC,519,519.00,0.00,0.0000
2025-04-01,Cairns and Hinterland,GEORGETOWN DENTAL CLINIC,0,0.00,0.00,0
2025-04-01,Cairns and Hinterland,EDMONTON DENTAL CLINIC,1408,1408.00,0.00,0.0000
2025-04-01,Cairns and Hinterland,SMITHFIELD DENTAL CLINIC,957,957.00,0.00,0.0000
2025-04-01,Cairns and Hinterland,TULLY DENTAL CLINIC,679,679.00,0.00,0.0000
2025-04-01,Cairns and Hinterland,CROYDON DENTAL CLINIC,0,0.00,0.00,0
2025-04-01,Central Queensland,ROCKHAMPTON DENTAL CLINIC,3685,3685.00,0.00,0.0000
2025-04-01,Central Queensland,MT MORGAN DENTAL CLINIC,140,140.00,0.00,0.0000
2025-04-01,Central Queensland,GLADSTONE DENTAL CLINIC,2523,2523.00,0.00,0.0000
2025-04-01,Central Queensland,CAPRICORN COAST DENTAL,1396,1396.00,0.00,0.0000
2025-04-01,Central Queensland,BILOELA DENTAL CLINIC,293,293.00,0.00,0.0000
2025-04-01,Central Queensland,EMERALD DENTAL CLINIC,495,495.00,0.00,0.0000
2025-04-01,Central West,CENTRAL WEST DENTAL CLINICS,1157,1157.00,0.00,0.0000
2025-04-01,Darling Downs,TOOWOOMBA DENTAL CLINIC,4864,4864.00,0.00,0.0000
2025-04-01,Darling Downs,KINGAROY DENTAL CLINIC,2416,2416.00,0.00,0.0000
2025-04-01,Darling Downs,INGLEWOOD DENTAL CLINIC,119,119.00,0.00,0.0000
2025-04-01,Darling Downs,GOONDIWINDI DENTAL CLINIC,200,200.00,0.00,0.0000
2025-04-01,Darling Downs,MILES DENTAL CLINIC,487,487.00,0.00,0.0000
2025-04-01,Darling Downs,DALBY DENTAL CLINIC,774,774.00,0.00,0.0000
2025-04-01,Darling Downs,WARWICK DENTAL CLINIC,948,948.00,0.00,0.0000
2025-04-01,Darling Downs,STANTHORPE DENTAL CLINIC,854,854.00,0.00,0.0000
2025-04-01,Gold Coast,PALM BEACH DENTAL CLINIC,930,930.00,0.00,0.0000
2025-04-01,Gold Coast,ROBINA DENTAL CLINIC,1446,1446.00,0.00,0.0000
2025-04-01,Gold Coast,GCUH DENTAL CLINIC,164,164.00,0.00,0.0000
2025-04-01,Gold Coast,GC SOUTHPORT HEALTH PREC,7112,7112.25,0.25,0.0000
2025-04-01,Mackay,PROSERPINE DENTAL,1084,1084.00,0.00,0.0000
2025-04-01,Mackay,COLLINSVILLE DENTAL CLINI,37,37.00,0.00,0.0000
2025-04-01,Mackay,MACKAY DENTAL CLINIC,4677,4677.00,0.00,0.0000
2025-04-01,Mackay,BOWEN DENTAL CLINIC,938,938.00,0.00,0.0000
2025-04-01,Mackay,CLERMONT DENTAL CLINIC,35,35.00,0.00,0.0000
2025-04-01,Metro North,CABOOLTURE DENTAL CLINIC,6860,6860.00,0.00,0.0000
2025-04-01,Metro North,KALLANGUR SATELLITE CLINI,3457,3457.00,0.00,0.0000
2025-04-01,Metro North,ORAL HEALTH CENTRE,3822,3822.00,0.00,0.0000
2025-04-01,Metro North,SANDGATE DENTAL CLINIC,1812,1812.00,0.00,0.0000
2025-04-01,Metro North,REDCLIFFE DENTAL CLINIC,3607,3607.00,0.00,0.0000
2025-04-01,Metro North,STAFFORD DENTAL CLINIC,3169,3169.00,0.00,0.0000
2025-04-01,Metro South,MS INNER BRISBANE CLUSTER,5674,5674.00,0.00,0.0000
2025-04-01,Metro South,BEENLEIGH BEAUDESERT CLUS,11339,11339.25,0.25,0.0000
2025-04-01,Metro South,NATHAN INALA CLUSTER,6817,6817.00,0.00,0.0000
2025-04-01,Metro South,KINGSTON LOGAN CLUSTER,6499,6499.00,0.00,0.0000
2025-04-01,Metro South,BAYSIDE CLUSTER,6248,6248.25,0.25,0.0000
2025-04-01,North West,MT ISA DENTAL CLINIC,462,462.25,0.25,0.0005
2025-04-01,North West,MORNINGTON ISLAND DENTAL,148,148.00,0.00,0.0000
2025-04-01,South West,MUNGINDI DENTAL CLINIC,21,21.00,0.00,0.0000
2025-04-01,South West,MITCHELL DENTAL CLINIC,81,81.00,0.00,0.0000
2025-04-01,South West,CUNNAMULLA DENTAL CLINIC,116,116.00,0.00,0.0000
2025-04-01,South West,CHARLEVILLE DENTAL CLINIC,315,315.00,0.00,0.0000
2025-04-01,South West,DIRRANBANDI DENTAL CLINIC,17,17.00,0.00,0.0000
2025-04-01,South West,INJUNE DENTAL CLINIC,12,12.00,0.00,0.0000
2025-04-01,South West,QUILPIE DENTAL CLINIC,29,29.00,0.00,0.0000
2025-04-01,South West,ROMA HOSPITAL DENTAL CLIN,574,574.00,0.00,0.0000
2025-04-01,South West,ST GEORGE DENTAL CLINIC,81,81.00,0.00,0.0000
2025-04-01,South West,SURAT DENTAL CLINIC,13,13.00,0.00,0.0000
2025-04-01,South West,THARGOMINDAH DENTAL SERVI,16,16.00,0.00,0.0000
2025-04-01,Sunshine Coast,KAWANA DENTAL CLINIC,2919,2919.25,0.25,0.0001
2025-04-01,Sunshine Coast,NAMBOUR DENTAL CLINIC,1774,1774.25,0.25,0.0001
2025-04-01,Sunshine Coast,SCUH DENTAL CLINIC,0,0.00,0.00,0
2025-04-01,Sunshine Coast,CALOUNDRA DENTAL CLINIC,3426,3426.50,0.50,0.0001
2025-04-01,Sunshine Coast,NOOSA DENTAL CLINIC,1625,1625.00,0.00,0.0000
2025-04-01,Sunshine Coast,GYMPIE DENTAL CLINIC,2360,2360.50,0.50,0.0002
2025-04-01,Torres and Cape,TORRES STRAIT DENTAL CLINIC,255,292.50,37.50,0.1282
2025-04-01,Torres and Cape,CAPE YORK DENTAL CLINIC,471,518.50,47.50,0.0916
2025-04-01,Townsville,RICHMOND DENTAL CLINIC,6,6.00,0.00,0.0000
2025-04-01,Townsville,INGHAM DENTAL CLINIC,381,381.00,0.00,0.0000
2025-04-01,Townsville,AYR DENTAL CLINIC,296,296.00,0.00,0.0000
2025-04-01,Townsville,TOWNSVILLE DENTAL CLINIC,2835,2835.00,0.00,0.0000
2025-04-01,Townsville,HUGHENDEN DENTAL CLINIC,20,20.00,0.00,0.0000
2025-04-01,Townsville,CHARTERS TOWERS DENTAL CL,174,174.00,0.00,0.0000
2025-04-01,West Moreton,COLLINGWOOD PARK DENTAL C,1449,1465.50,16.50,0.0113
2025-04-01,West Moreton,LAIDLEY DENTAL CLINIC,1832,1879.50,47.50,0.0253
2025-04-01,West Moreton,BOONAH DENTAL CLINIC,396,405.00,9.00,0.0222
2025-04-01,West Moreton,ESK DENTAL CLINIC,400,410.75,10.75,0.0262
2025-04-01,West Moreton,GATTON DENTAL CLINIC,8,8.00,0.00,0.0000
2025-04-01,West Moreton,IPSWICH DENTAL CLINIC,7371,7512.50,141.50,0.0188
2025-04-01,Wide Bay,MUNDUBBERA DENTAL CLINIC,143,143.00,0.00,0.0000
2025-04-01,Wide Bay,CHILDERS DENTAL CLINIC,270,270.00,0.00,0.0000
2025-04-01,Wide Bay,BUNDABERG DENTAL CLINIC,3775,3775.00,0.00,0.0000
2025-04-01,Wide Bay,HERVEY BAY DENTAL CLINIC,4560,4560.00,0.00,0.0000
2025-04-01,Wide Bay,MONTO DENTAL CLINIC,65,65.00,0.00,0.0000
2025-04-01,Wide Bay,MARYBOROUGH DENTAL CLINIC,2511,2511.00,0.00,0.0000
2025-04-01,Wide Bay,GAYNDAH DENTAL CLINIC,369,369.00,0.00,0.0000
