quarter,clinic_id,clinic_name,clinic_waiting_total,clinic_treated_total,clinic_treatment_ratio,clinic_treatment_pct,quarters_to_treat,months_to_treat,catchment,catchment_waiting_total,catchment_treated_total,mean_ratio,clinics_pct_of_catchment,catchment_pct_of_qld,clinic_pct_of_qld
2023-04-01,136,GEORGETOWN DENTAL CLINIC,1,2,2.000,200.00,1,2,Cairns and Hinterland,8481,1341,0.137,0.000,0.0731,0.000008614748449345279118
2023-07-01,52,GATTON DENTAL CLINIC,1,0,0.000,0.00,NULL,NULL,West Moreton,7183,599,0.077,0.000,0.0600,0.000008354218880534670008
2024-04-01,135,YARRABAH DENTAL CLINIC,1,51,51.000,5100.00,0,0,Cairns and Hinterland,8619,1150,0.118,0.000,0.0658,0.000007637085688101420498
2023-10-01,52,GATTON DENTAL CLINIC,1,0,0.000,0.00,NULL,NULL,West Moreton,8461,52,0.006,0.000,0.0677,0.000007995906096078807650
2024-07-01,64,THARGOMINDAH DENTAL SERVI,2,0,0.000,0.00,NULL,NULL,South West,1096,352,0.243,0.002,0.0083,0.000015194797301403999271
2023-04-01,122,AUGATHELLA DENTAL CLINIC,2,0,0.000,0.00,NULL,NULL,South West,859,356,0.293,0.002,0.0074,0.000017229496898690558236
2023-04-01,135,YARRABAH DENTAL CLINIC,2,13,6.500,650.00,0,0,Cairns and Hinterland,8481,1341,0.137,0.000,0.0731,0.000017229496898690558236
2024-01-01,52,GATTON DENTAL CLINIC,2,0,0.000,0.00,NULL,NULL,West Moreton,7983,494,0.058,0.000,0.0629,0.000015749643664312094939
2024-04-01,130,RICHMOND DENTAL CLINIC,3,5,1.667,166.67,1,2,Townsville,3405,352,0.094,0.001,0.0260,0.000022911257064304261494
2024-04-01,52,GATTON DENTAL CLINIC,3,0,0.000,0.00,NULL,NULL,West Moreton,9524,270,0.028,0.000,0.0727,0.000022911257064304261494
2024-01-01,130,RICHMOND DENTAL CLINIC,3,3,1.000,100.00,1,3,Townsville,3219,344,0.097,0.001,0.0253,0.000023624465496468142408
2024-10-01,135,YARRABAH DENTAL CLINIC,3,56,18.667,1866.67,0,0,Cairns and Hinterland,9252,996,0.097,0.000,0.0679,0.000022020611292169470625
2023-07-01,64,THARGOMINDAH DENTAL SERVI,3,0,0.000,0.00,NULL,NULL,South West,798,288,0.265,0.004,0.0067,0.000025062656641604010025
2023-10-01,64,THARGOMINDAH DENTAL SERVI,3,0,0.000,0.00,NULL,NULL,South West,942,255,0.213,0.003,0.0075,0.000023987718288236422951
2024-01-01,64,THARGOMINDAH DENTAL SERVI,3,0,0.000,0.00,NULL,NULL,South West,1039,280,0.212,0.003,0.0082,0.000023624465496468142408
2024-07-01,52,GATTON DENTAL CLINIC,3,0,0.000,0.00,NULL,NULL,West Moreton,9226,985,0.096,0.000,0.0701,0.000022792195952105998906
2023-04-01,64,THARGOMINDAH DENTAL SERVI,3,0,0.000,0.00,NULL,NULL,South West,859,356,0.293,0.003,0.0074,0.000025844245348035837354
2023-04-01,130,RICHMOND DENTAL CLINIC,4,0,0.000,0.00,NULL,NULL,Townsville,2930,305,0.094,0.001,0.0252,0.000034458993797381116471
2023-10-01,130,RICHMOND DENTAL CLINIC,4,0,0.000,0.00,NULL,NULL,Townsville,3082,507,0.141,0.001,0.0246,0.000031983624384315230602
2024-07-01,130,RICHMOND DENTAL CLINIC,4,1,0.250,25.00,4,12,Townsville,3354,404,0.108,0.001,0.0255,0.000030389594602807998541
2023-07-01,130,RICHMOND DENTAL CLINIC,5,2,0.400,40.00,3,8,Townsville,3126,334,0.097,0.002,0.0261,0.000041771094402673350042
2024-10-01,130,RICHMOND DENTAL CLINIC,5,1,0.200,20.00,5,15,Townsville,3457,329,0.087,0.001,0.0254,0.000036701018820282451041
2025-01-01,130,RICHMOND DENTAL CLINIC,6,0,0.000,0.00,NULL,NULL,Townsville,3477,461,0.117,0.002,0.0248,0.000042806692112866978204
2025-04-01,130,RICHMOND DENTAL CLINIC,6,0,0.000,0.00,NULL,NULL,Townsville,3712,305,0.076,0.002,0.0251,0.000040619584055459272097
2025-01-01,52,GATTON DENTAL CLINIC,7,0,0.000,0.00,NULL,NULL,West Moreton,9953,312,0.030,0.001,0.0710,0.000049941140798344807905
2024-10-01,52,GATTON DENTAL CLINIC,7,0,0.000,0.00,NULL,NULL,West Moreton,10032,453,0.043,0.001,0.0736,0.000051381426348395431457
2024-04-01,81,HUGHENDEN DENTAL CLINIC,7,6,0.857,85.71,1,4,Townsville,3405,352,0.094,0.002,0.0260,0.000053459599816709943486
2025-04-01,52,GATTON DENTAL CLINIC,8,0,0.000,0.00,NULL,NULL,West Moreton,11456,456,0.038,0.001,0.0776,0.000054159445407279029463
2024-07-01,81,HUGHENDEN DENTAL CLINIC,9,1,0.111,11.11,9,27,Townsville,3354,404,0.108,0.003,0.0255,0.000068376587856317996718
2024-01-01,81,HUGHENDEN DENTAL CLINIC,9,3,0.333,33.33,3,9,Townsville,3219,344,0.097,0.003,0.0253,0.000070873396489404427225
2024-04-01,123,DIRRANBANDI DENTAL CLINIC,10,1,0.100,10.00,10,30,South West,1058,262,0.198,0.009,0.0081,0.000076370856881014204979
2024-10-01,64,THARGOMINDAH DENTAL SERVI,11,0,0.000,0.00,NULL,NULL,South West,1118,302,0.213,0.010,0.0082,0.000080742241404621392290
2024-10-01,123,DIRRANBANDI DENTAL CLINIC,11,0,0.000,0.00,NULL,NULL,South West,1118,302,0.213,0.010,0.0082,0.000080742241404621392290
2023-04-01,127,MUNGINDI DENTAL CLINIC,11,5,0.455,45.45,2,7,South West,859,356,0.293,0.013,0.0074,0.000094762232942798070296
2024-07-01,127,MUNGINDI DENTAL CLINIC,12,6,0.500,50.00,2,6,South West,1096,352,0.243,0.011,0.0083,0.000091168783808423995624
2025-04-01,124,INJUNE DENTAL CLINIC,12,1,0.083,8.33,12,36,South West,1275,257,0.168,0.009,0.0086,0.000081239168110918544194
2023-10-01,127,MUNGINDI DENTAL CLINIC,12,7,0.583,58.33,2,5,South West,942,255,0.213,0.013,0.0075,0.000095950873152945691806
2023-07-01,127,MUNGINDI DENTAL CLINIC,12,4,0.333,33.33,3,9,South West,798,288,0.265,0.015,0.0067,0.00010025062656641604
2025-04-01,129,SURAT DENTAL CLINIC,13,13,1.000,100.00,1,3,South West,1275,257,0.168,0.010,0.0086,0.000088009098786828422877
2024-07-01,123,DIRRANBANDI DENTAL CLINIC,13,7,0.538,53.85,2,6,South West,1096,352,0.243,0.012,0.0083,0.000098766182459125995259
2024-01-01,127,MUNGINDI DENTAL CLINIC,13,0,0.000,0.00,NULL,NULL,South West,1039,280,0.212,0.013,0.0082,0.00010237268381802862
2024-04-01,127,MUNGINDI DENTAL CLINIC,14,1,0.071,7.14,14,42,South West,1058,262,0.198,0.013,0.0081,0.00010691919963341989
2025-01-01,64,THARGOMINDAH DENTAL SERVI,15,0,0.000,0.00,NULL,NULL,South West,1230,410,0.250,0.012,0.0088,0.00010701673028216745
2023-04-01,129,SURAT DENTAL CLINIC,15,14,0.933,93.33,1,3,South West,859,356,0.293,0.017,0.0074,0.00012922122674017919
2024-10-01,81,HUGHENDEN DENTAL CLINIC,15,2,0.133,13.33,8,23,Townsville,3457,329,0.087,0.004,0.0254,0.00011010305646084735
2024-10-01,127,MUNGINDI DENTAL CLINIC,15,0,0.000,0.00,NULL,NULL,South West,1118,302,0.213,0.013,0.0082,0.00011010305646084735
2023-04-01,123,DIRRANBANDI DENTAL CLINIC,15,2,0.133,13.33,8,23,South West,859,356,0.293,0.017,0.0074,0.00012922122674017919
2023-10-01,81,HUGHENDEN DENTAL CLINIC,16,3,0.188,18.75,5,16,Townsville,3082,507,0.141,0.005,0.0246,0.00012793449753726092
2025-01-01,123,DIRRANBANDI DENTAL CLINIC,16,3,0.188,18.75,5,16,South West,1230,410,0.250,0.013,0.0088,0.00011415117896764528
2025-04-01,64,THARGOMINDAH DENTAL SERVI,16,0,0.000,0.00,NULL,NULL,South West,1275,257,0.168,0.013,0.0086,0.00010831889081455806
2023-10-01,123,DIRRANBANDI DENTAL CLINIC,16,0,0.000,0.00,NULL,NULL,South West,942,255,0.213,0.017,0.0075,0.00012793449753726092
2023-07-01,123,DIRRANBANDI DENTAL CLINIC,16,0,0.000,0.00,NULL,NULL,South West,798,288,0.265,0.020,0.0067,0.00013366750208855472
2024-10-01,124,INJUNE DENTAL CLINIC,16,0,0.000,0.00,NULL,NULL,South West,1118,302,0.213,0.014,0.0082,0.00011744326022490384
2023-07-01,124,INJUNE DENTAL CLINIC,17,4,0.235,23.53,4,13,South West,798,288,0.265,0.021,0.0067,0.00014202172096908939
2023-07-01,129,SURAT DENTAL CLINIC,17,9,0.529,52.94,2,6,South West,798,288,0.265,0.021,0.0067,0.00014202172096908939
2025-04-01,123,DIRRANBANDI DENTAL CLINIC,17,2,0.118,11.76,8,25,South West,1275,257,0.168,0.013,0.0086,0.00011508882149046794
2025-01-01,124,INJUNE DENTAL CLINIC,18,8,0.444,44.44,2,7,South West,1230,410,0.250,0.015,0.0088,0.00012842007633860093
2023-10-01,124,INJUNE DENTAL CLINIC,19,0,0.000,0.00,NULL,NULL,South West,942,255,0.213,0.020,0.0075,0.00015192221582549735
2025-01-01,127,MUNGINDI DENTAL CLINIC,19,7,0.368,36.84,3,8,South West,1230,410,0.250,0.015,0.0088,0.00013555452502407876
2023-07-01,128,QUILPIE DENTAL CLINIC,19,13,0.684,68.42,1,4,South West,798,288,0.265,0.024,0.0067,0.00015873015873015873
2025-01-01,81,HUGHENDEN DENTAL CLINIC,19,1,0.053,5.26,19,57,Townsville,3477,461,0.117,0.005,0.0248,0.00013555452502407876
2024-01-01,128,QUILPIE DENTAL CLINIC,19,3,0.158,15.79,6,19,South West,1039,280,0.212,0.018,0.0082,0.00014962161481096490
2024-07-01,124,INJUNE DENTAL CLINIC,19,0,0.000,0.00,NULL,NULL,South West,1096,352,0.243,0.017,0.0083,0.00014435057436333799
2023-04-01,81,HUGHENDEN DENTAL CLINIC,20,0,0.000,0.00,NULL,NULL,Townsville,2930,305,0.094,0.007,0.0252,0.00017229496898690558
2025-04-01,81,HUGHENDEN DENTAL CLINIC,20,0,0.000,0.00,NULL,NULL,Townsville,3712,305,0.076,0.005,0.0251,0.00013539861351819757
2024-01-01,124,INJUNE DENTAL CLINIC,20,0,0.000,0.00,NULL,NULL,South West,1039,280,0.212,0.019,0.0082,0.00015749643664312095
2024-04-01,128,QUILPIE DENTAL CLINIC,21,5,0.238,23.81,4,13,South West,1058,262,0.198,0.020,0.0081,0.00016037879945012983
2023-07-01,81,HUGHENDEN DENTAL CLINIC,21,1,0.048,4.76,21,62,Townsville,3126,334,0.097,0.007,0.0261,0.00017543859649122807
2024-01-01,123,DIRRANBANDI DENTAL CLINIC,21,5,0.238,23.81,4,13,South West,1039,280,0.212,0.020,0.0082,0.00016537125847527700
2025-04-01,127,MUNGINDI DENTAL CLINIC,21,1,0.048,4.76,21,62,South West,1275,257,0.168,0.016,0.0086,0.00014216854419410745
2024-04-01,124,INJUNE DENTAL CLINIC,22,7,0.318,31.82,3,9,South West,1058,262,0.198,0.021,0.0081,0.00016801588513823125
2023-10-01,129,SURAT DENTAL CLINIC,22,0,0.000,0.00,NULL,NULL,South West,942,255,0.213,0.023,0.0075,0.00017590993411373377
2023-10-01,128,QUILPIE DENTAL CLINIC,22,3,0.136,13.64,7,22,South West,942,255,0.213,0.023,0.0075,0.00017590993411373377
2023-04-01,124,INJUNE DENTAL CLINIC,22,7,0.318,31.82,3,9,South West,859,356,0.293,0.026,0.0074,0.00018952446588559614
2024-10-01,129,SURAT DENTAL CLINIC,23,0,0.000,0.00,NULL,NULL,South West,1118,302,0.213,0.021,0.0082,0.00016882468657329927
2024-07-01,129,SURAT DENTAL CLINIC,24,0,0.000,0.00,NULL,NULL,South West,1096,352,0.243,0.022,0.0083,0.00018233756761684799
2025-01-01,120,CLERMONT DENTAL CLINIC,24,24,1.000,100.00,1,3,Mackay,6506,1381,0.175,0.004,0.0464,0.00017122676845146791
2024-01-01,129,SURAT DENTAL CLINIC,24,11,0.458,45.83,2,7,South West,1039,280,0.212,0.023,0.0082,0.00018899572397174514
2024-10-01,128,QUILPIE DENTAL CLINIC,26,0,0.000,0.00,NULL,NULL,South West,1118,302,0.213,0.023,0.0082,0.00019084529786546875
2024-04-01,129,SURAT DENTAL CLINIC,26,0,0.000,0.00,NULL,NULL,South West,1058,262,0.198,0.025,0.0081,0.00019856422789063693
2025-01-01,128,QUILPIE DENTAL CLINIC,27,12,0.444,44.44,2,7,South West,1230,410,0.250,0.022,0.0088,0.00019263011450790140
2025-01-01,129,SURAT DENTAL CLINIC,27,0,0.000,0.00,NULL,NULL,South West,1230,410,0.250,0.022,0.0088,0.00019263011450790140
2023-04-01,128,QUILPIE DENTAL CLINIC,28,2,0.071,7.14,14,42,South West,859,356,0.293,0.033,0.0074,0.00024121295658166782
2024-07-01,121,COLLINSVILLE DENTAL CLINI,28,28,1.000,100.00,1,3,Mackay,6286,2554,0.289,0.004,0.0478,0.00021272716221965599
2023-07-01,120,CLERMONT DENTAL CLINIC,29,61,2.103,210.34,0,1,Mackay,6426,1128,0.149,0.005,0.0537,0.00024227234753550543
2024-07-01,128,QUILPIE DENTAL CLINIC,29,10,0.345,34.48,3,9,South West,1096,352,0.243,0.026,0.0083,0.00022032456087035799
2025-04-01,128,QUILPIE DENTAL CLINIC,29,1,0.034,3.45,29,88,South West,1275,257,0.168,0.023,0.0086,0.00019632798960138648
2023-10-01,120,CLERMONT DENTAL CLINIC,31,0,0.000,0.00,NULL,NULL,Mackay,7187,455,0.060,0.004,0.0575,0.00024787308897844304
2024-01-01,120,CLERMONT DENTAL CLINIC,33,0,0.000,0.00,NULL,NULL,Mackay,6877,1117,0.140,0.005,0.0542,0.00025986912046114957
2023-04-01,160,ST GEORGE DENTAL CLINIC,33,16,0.485,48.48,2,6,South West,859,356,0.293,0.038,0.0074,0.00028428669882839421
2025-04-01,120,CLERMONT DENTAL CLINIC,35,0,0.000,0.00,NULL,NULL,Mackay,6771,622,0.084,0.005,0.0458,0.00023694757365684575
2024-04-01,121,COLLINSVILLE DENTAL CLINI,35,5,0.143,14.29,7,21,Mackay,6958,1010,0.127,0.005,0.0531,0.00026729799908354972
2024-10-01,121,COLLINSVILLE DENTAL CLINI,36,26,0.722,72.22,1,4,Mackay,6990,1209,0.147,0.005,0.0513,0.00026424733550603365
2024-01-01,121,COLLINSVILLE DENTAL CLINI,37,2,0.054,5.41,19,56,Mackay,6877,1117,0.140,0.005,0.0542,0.00029136840778977376
2023-04-01,63,CUNNAMULLA DENTAL CLINIC,37,27,0.730,72.97,1,4,South West,859,356,0.293,0.043,0.0074,0.00031874569262577533
2025-04-01,121,COLLINSVILLE DENTAL CLINI,37,5,0.135,13.51,7,22,Mackay,6771,622,0.084,0.005,0.0458,0.00025048743500866551
2024-04-01,120,CLERMONT DENTAL CLINIC,38,51,1.342,134.21,1,2,Mackay,6958,1010,0.127,0.005,0.0531,0.00029020925614785398
2023-07-01,121,COLLINSVILLE DENTAL CLINI,39,29,0.744,74.36,1,4,Mackay,6426,1128,0.149,0.006,0.0537,0.00032581453634085213
2025-01-01,121,COLLINSVILLE DENTAL CLINI,39,1,0.026,2.56,38,115,Mackay,6506,1381,0.175,0.006,0.0464,0.00027824349873363536
2024-10-01,120,CLERMONT DENTAL CLINIC,40,0,0.000,0.00,NULL,NULL,Mackay,6990,1209,0.147,0.006,0.0513,0.00029360815056225961
2024-07-01,120,CLERMONT DENTAL CLINIC,40,51,1.275,127.50,1,2,Mackay,6286,2554,0.289,0.006,0.0478,0.00030389594602807999
2023-10-01,121,COLLINSVILLE DENTAL CLINI,41,19,0.463,46.34,2,6,Mackay,7187,455,0.060,0.006,0.0575,0.00032783214993923111
2023-07-01,160,ST GEORGE DENTAL CLINIC,47,12,0.255,25.53,4,12,South West,798,288,0.265,0.059,0.0067,0.00039264828738512949
2023-04-01,142,GCUH DENTAL CLINIC,49,4,0.082,8.16,12,37,Gold Coast,9743,1155,0.106,0.005,0.0839,0.00042212267401791868
2023-07-01,63,CUNNAMULLA DENTAL CLINIC,49,6,0.122,12.24,8,25,South West,798,288,0.265,0.061,0.0067,0.00040935672514619883
2023-10-01,63,CUNNAMULLA DENTAL CLINIC,57,18,0.316,31.58,3,9,South West,942,255,0.213,0.061,0.0075,0.00045576664747649204
2023-07-01,142,GCUH DENTAL CLINIC,58,16,0.276,27.59,4,11,Gold Coast,8685,1505,0.148,0.007,0.0726,0.00048454469507101086
2024-10-01,50,MONTO DENTAL CLINIC,60,10,0.167,16.67,6,18,Wide Bay,11732,773,0.062,0.005,0.0861,0.00044041222584338941
2024-07-01,50,MONTO DENTAL CLINIC,61,8,0.131,13.11,8,23,Wide Bay,10803,1769,0.141,0.006,0.0821,0.00046344131769282198
2025-01-01,50,MONTO DENTAL CLINIC,61,8,0.131,13.11,8,23,Wide Bay,11636,1093,0.086,0.005,0.0830,0.00043520136981414761
2024-10-01,160,ST GEORGE DENTAL CLINIC,61,14,0.230,22.95,4,13,South West,1118,302,0.213,0.055,0.0082,0.00044775242960744590
2024-01-01,50,MONTO DENTAL CLINIC,64,7,0.109,10.94,9,28,Wide Bay,11174,1270,0.102,0.006,0.0880,0.00050398859725798704
2025-04-01,50,MONTO DENTAL CLINIC,65,9,0.138,13.85,7,22,Wide Bay,11693,1082,0.085,0.006,0.0792,0.00044004549393414211
2023-10-01,142,GCUH DENTAL CLINIC,65,20,0.308,30.77,3,10,Gold Coast,8498,1003,0.106,0.008,0.0679,0.00051973389624512250
2024-07-01,160,ST GEORGE DENTAL CLINIC,66,19,0.288,28.79,3,10,South West,1096,352,0.243,0.060,0.0083,0.00050142831094633198
2024-04-01,50,MONTO DENTAL CLINIC,66,2,0.030,3.03,33,100,Wide Bay,11501,966,0.077,0.006,0.0878,0.00050404765541469375
2023-10-01,50,MONTO DENTAL CLINIC,66,5,0.076,7.58,13,39,Wide Bay,11135,889,0.074,0.006,0.0890,0.00052772980234120130
2023-07-01,50,MONTO DENTAL CLINIC,66,8,0.121,12.12,8,25,Wide Bay,10631,960,0.083,0.006,0.0888,0.00055137844611528822
2023-04-01,50,MONTO DENTAL CLINIC,68,8,0.118,11.76,8,25,Wide Bay,10529,726,0.065,0.006,0.0907,0.00058580289455547898
2025-01-01,160,ST GEORGE DENTAL CLINIC,68,11,0.162,16.18,6,19,South West,1230,410,0.250,0.055,0.0088,0.00048514251061249242
2025-01-01,125,MITCHELL DENTAL CLINIC,73,13,0.178,17.81,6,17,South West,1230,410,0.250,0.059,0.0088,0.00052081475403988157
2024-01-01,160,ST GEORGE DENTAL CLINIC,73,11,0.151,15.07,7,20,South West,1039,280,0.212,0.070,0.0082,0.00057486199374739147
2024-07-01,125,MITCHELL DENTAL CLINIC,73,14,0.192,19.18,5,16,South West,1096,352,0.243,0.067,0.0083,0.00055461010150124597
2023-04-01,125,MITCHELL DENTAL CLINIC,74,22,0.297,29.73,3,10,South West,859,356,0.293,0.086,0.0074,0.00063749138525155065
2023-10-01,15,MORNINGTON ISLAND DENTAL,74,6,0.081,8.11,12,37,North West,702,19,0.026,0.105,0.0056,0.00059169705110983177
2024-01-01,142,GCUH DENTAL CLINIC,75,20,0.267,26.67,4,11,Gold Coast,8924,978,0.099,0.008,0.0703,0.00059061163741170356
2024-10-01,125,MITCHELL DENTAL CLINIC,75,14,0.187,18.67,5,16,South West,1118,302,0.213,0.067,0.0082,0.00055051528230423677
2024-04-01,160,ST GEORGE DENTAL CLINIC,77,20,0.260,25.97,4,12,South West,1058,262,0.198,0.073,0.0081,0.00058805559798380938
2023-07-01,125,MITCHELL DENTAL CLINIC,81,22,0.272,27.16,4,11,South West,798,288,0.265,0.102,0.0067,0.00067669172932330827
2025-04-01,125,MITCHELL DENTAL CLINIC,81,0,0.000,0.00,NULL,NULL,South West,1275,257,0.168,0.064,0.0086,0.00054836438474870017
2025-04-01,160,ST GEORGE DENTAL CLINIC,81,12,0.148,14.81,7,20,South West,1275,257,0.168,0.064,0.0086,0.00054836438474870017
2023-10-01,160,ST GEORGE DENTAL CLINIC,82,3,0.037,3.66,27,81,South West,942,255,0.213,0.087,0.0075,0.00065566429987846223
2023-04-01,121,COLLINSVILLE DENTAL CLINI,85,7,0.082,8.24,12,37,Mackay,6612,1059,0.138,0.013,0.0570,0.00073225361819434873
2023-10-01,125,MITCHELL DENTAL CLINIC,87,0,0.000,0.00,NULL,NULL,South West,942,255,0.213,0.092,0.0075,0.00069564383035885627
2024-04-01,63,CUNNAMULLA DENTAL CLINIC,89,16,0.180,17.98,6,17,South West,1058,262,0.198,0.084,0.0081,0.00067970062624102642
2024-01-01,125,MITCHELL DENTAL CLINIC,89,0,0.000,0.00,NULL,NULL,South West,1039,280,0.212,0.086,0.0082,0.00070085914306188822
2024-04-01,142,GCUH DENTAL CLINIC,94,44,0.468,46.81,2,6,Gold Coast,9111,857,0.086,0.010,0.0696,0.00071788605468153353
2024-10-01,56,INGLEWOOD DENTAL CLINIC,95,26,0.274,27.37,4,11,Darling Downs,10084,757,0.070,0.009,0.0740,0.00069731935758536657
2024-04-01,125,MITCHELL DENTAL CLINIC,95,7,0.074,7.37,14,41,South West,1058,262,0.198,0.090,0.0081,0.00072552314036963495
2024-10-01,63,CUNNAMULLA DENTAL CLINIC,97,12,0.124,12.37,8,24,South West,1118,302,0.213,0.087,0.0082,0.00071199976511347955
2025-01-01,63,CUNNAMULLA DENTAL CLINIC,98,27,0.276,27.55,4,11,South West,1230,410,0.250,0.080,0.0088,0.00069917597117682731
2024-07-01,63,CUNNAMULLA DENTAL CLINIC,99,31,0.313,31.31,3,10,South West,1096,352,0.243,0.090,0.0083,0.00075214246641949796
2023-04-01,56,INGLEWOOD DENTAL CLINIC,105,76,0.724,72.38,1,4,Darling Downs,9114,1073,0.105,0.012,0.0785,0.00090454858718125431
2023-07-01,56,INGLEWOOD DENTAL CLINIC,106,45,0.425,42.45,2,7,Darling Downs,9194,1044,0.102,0.012,0.0768,0.00088554720133667502
2025-01-01,56,INGLEWOOD DENTAL CLINIC,107,28,0.262,26.17,4,11,Darling Downs,10346,597,0.055,0.010,0.0738,0.00076338600934612778
2024-07-01,56,INGLEWOOD DENTAL CLINIC,107,40,0.374,37.38,3,8,Darling Downs,10190,938,0.084,0.011,0.0774,0.00081292165562511396
2024-01-01,63,CUNNAMULLA DENTAL CLINIC,108,4,0.037,3.70,27,81,South West,1039,280,0.212,0.104,0.0082,0.00085048075787285313
2023-10-01,56,INGLEWOOD DENTAL CLINIC,109,32,0.294,29.36,3,10,Darling Downs,9685,881,0.083,0.011,0.0774,0.00087155376447259003
2023-04-01,120,CLERMONT DENTAL CLINIC,109,51,0.468,46.79,2,6,Mackay,6612,1059,0.138,0.016,0.0570,0.00093900758097863542
2023-07-01,18,CLONCURRY DENTAL,111,1,0.009,0.90,111,333,North West,687,35,0.048,0.162,0.0057,0.00092731829573934837
2023-07-01,48,MUNDUBBERA DENTAL CLINIC,111,22,0.198,19.82,5,15,Wide Bay,10631,960,0.083,0.010,0.0888,0.00092731829573934837
2024-01-01,56,INGLEWOOD DENTAL CLINIC,112,39,0.348,34.82,3,9,Darling Downs,9276,1096,0.106,0.012,0.0730,0.00088198004520147732
2025-04-01,63,CUNNAMULLA DENTAL CLINIC,116,6,0.052,5.17,19,58,South West,1275,257,0.168,0.091,0.0086,0.00078531195840554593
2024-10-01,15,MORNINGTON ISLAND DENTAL,118,4,0.034,3.39,29,88,North West,446,19,0.041,0.265,0.0033,0.00086614404415866584
2024-07-01,15,MORNINGTON ISLAND DENTAL,119,7,0.059,5.88,17,51,North West,388,187,0.325,0.307,0.0029,0.00090409043943353796
2025-04-01,56,INGLEWOOD DENTAL CLINIC,119,29,0.244,24.37,4,12,Darling Downs,10662,633,0.056,0.011,0.0722,0.00080562175043327556
2023-04-01,48,MUNDUBBERA DENTAL CLINIC,119,17,0.143,14.29,7,21,Wide Bay,10529,726,0.065,0.011,0.0907,0.00102515506547208822
2023-04-01,18,CLONCURRY DENTAL,121,2,0.017,1.65,59,176,North West,655,30,0.044,0.185,0.0056,0.00104238456237077877
2024-04-01,56,INGLEWOOD DENTAL CLINIC,124,24,0.194,19.35,5,15,Darling Downs,10106,717,0.066,0.012,0.0772,0.00094699862532457614
2024-07-01,142,GCUH DENTAL CLINIC,127,16,0.126,12.60,8,24,Gold Coast,9576,1038,0.098,0.013,0.0728,0.00096486962863915395
2024-07-01,118,MT MORGAN DENTAL CLINIC,127,47,0.370,37.01,3,8,Central Queensland,7970,1618,0.169,0.016,0.0606,0.00096486962863915395
2024-10-01,142,GCUH DENTAL CLINIC,127,12,0.094,9.45,11,32,Gold Coast,10069,993,0.090,0.013,0.0739,0.00093220587803517426
2025-01-01,15,MORNINGTON ISLAND DENTAL,129,1,0.008,0.78,125,375,North West,492,60,0.109,0.262,0.0035,0.00092034388042664003
2024-04-01,15,MORNINGTON ISLAND DENTAL,129,51,0.395,39.53,3,8,North West,554,70,0.112,0.233,0.0042,0.00098518405376508324
2025-01-01,55,GOONDIWINDI DENTAL CLINIC,132,71,0.538,53.79,2,6,Darling Downs,10346,597,0.055,0.013,0.0738,0.00094174722648307352
2024-10-01,48,MUNDUBBERA DENTAL CLINIC,133,17,0.128,12.78,8,23,Wide Bay,11732,773,0.062,0.011,0.0861,0.00097624710061951320
2023-07-01,15,MORNINGTON ISLAND DENTAL,133,0,0.000,0.00,NULL,NULL,North West,687,35,0.048,0.194,0.0057,0.00111111111111111111
2024-01-01,48,MUNDUBBERA DENTAL CLINIC,134,22,0.164,16.42,6,18,Wide Bay,11174,1270,0.102,0.012,0.0880,0.00105522612550891036
2025-01-01,48,MUNDUBBERA DENTAL CLINIC,134,9,0.067,6.72,15,45,Wide Bay,11636,1093,0.086,0.012,0.0830,0.00095601612385402918
2023-04-01,15,MORNINGTON ISLAND DENTAL,135,2,0.015,1.48,67,200,North West,655,30,0.044,0.206,0.0056,0.00116299104066161268
2025-01-01,118,MT MORGAN DENTAL CLINIC,137,44,0.321,32.12,3,9,Central Queensland,8636,1473,0.146,0.016,0.0616,0.00097741946991046267
2023-10-01,48,MUNDUBBERA DENTAL CLINIC,137,9,0.066,6.57,15,45,Wide Bay,11135,889,0.074,0.012,0.0890,0.00109543913516279665
2023-07-01,62,CHARLEVILLE DENTAL CLINIC,137,68,0.496,49.64,2,6,South West,798,288,0.265,0.172,0.0067,0.00114452798663324979
2024-10-01,118,MT MORGAN DENTAL CLINIC,138,17,0.123,12.32,8,24,Central Queensland,8593,1115,0.115,0.016,0.0631,0.00101294811943979565
2025-04-01,118,MT MORGAN DENTAL CLINIC,140,26,0.186,18.57,5,16,Central Queensland,8532,1173,0.121,0.016,0.0578,0.00094779029462738302
2024-07-01,48,MUNDUBBERA DENTAL CLINIC,142,23,0.162,16.20,6,19,Wide Bay,10803,1769,0.141,0.013,0.0821,0.00107883060839968395
2024-04-01,118,MT MORGAN DENTAL CLINIC,142,27,0.190,19.01,5,16,Central Queensland,8170,1526,0.157,0.017,0.0624,0.00108446616771040171
2024-04-01,48,MUNDUBBERA DENTAL CLINIC,142,17,0.120,11.97,8,25,Wide Bay,11501,966,0.077,0.012,0.0878,0.00108446616771040171
2025-04-01,48,MUNDUBBERA DENTAL CLINIC,143,12,0.084,8.39,12,36,Wide Bay,11693,1082,0.085,0.012,0.0792,0.00096810008665511265
2023-10-01,18,CLONCURRY DENTAL,146,1,0.007,0.68,143,429,North West,702,19,0.026,0.208,0.0056,0.00116740229002750592
2025-04-01,15,MORNINGTON ISLAND DENTAL,148,31,0.209,20.95,5,14,North West,610,57,0.085,0.243,0.0041,0.00100194974003466205
2024-10-01,19,CHARTERS TOWERS DENTAL CL,153,49,0.320,32.03,3,9,Townsville,3457,329,0.087,0.044,0.0254,0.00112305117590064300
2025-01-01,142,GCUH DENTAL CLINIC,156,19,0.122,12.18,8,25,Gold Coast,10387,973,0.086,0.015,0.0741,0.00111297399493454143
2023-04-01,19,CHARTERS TOWERS DENTAL CL,162,30,0.185,18.52,5,16,Townsville,2930,305,0.094,0.055,0.0252,0.00139558924879393522
2025-04-01,142,GCUH DENTAL CLINIC,164,9,0.055,5.49,18,55,Gold Coast,9652,1429,0.129,0.017,0.0653,0.00111026863084922010
2023-10-01,62,CHARLEVILLE DENTAL CLINIC,166,67,0.404,40.36,2,7,South West,942,255,0.213,0.176,0.0075,0.00132732041194908207
2024-10-01,55,GOONDIWINDI DENTAL CLINIC,167,36,0.216,21.56,5,14,Darling Downs,10084,757,0.070,0.017,0.0740,0.00122581402859743386
2024-01-01,62,CHARLEVILLE DENTAL CLINIC,172,50,0.291,29.07,3,10,South West,1039,280,0.212,0.166,0.0082,0.00135446935513084016
2025-04-01,19,CHARTERS TOWERS DENTAL CL,174,16,0.092,9.20,11,33,Townsville,3712,305,0.076,0.047,0.0251,0.00117796793760831889
2024-01-01,15,MORNINGTON ISLAND DENTAL,175,8,0.046,4.57,22,65,North West,585,66,0.101,0.299,0.0046,0.00137809382062730831
2023-04-01,55,GOONDIWINDI DENTAL CLINIC,181,26,0.144,14.36,7,21,Darling Downs,9114,1073,0.105,0.020,0.0785,0.00155926946933149552
2025-01-01,19,CHARTERS TOWERS DENTAL CL,181,15,0.083,8.29,12,36,Townsville,3477,461,0.117,0.052,0.0248,0.00129133521207148718
2023-04-01,14,AYR DENTAL CLINIC,185,11,0.059,5.95,17,51,Townsville,2930,305,0.094,0.063,0.0252,0.00159372846312887664
2024-07-01,19,CHARTERS TOWERS DENTAL CL,186,26,0.140,13.98,7,21,Townsville,3354,404,0.108,0.055,0.0255,0.00141311614903057193
2023-04-01,118,MT MORGAN DENTAL CLINIC,187,29,0.155,15.51,6,19,Central Queensland,8391,1401,0.143,0.022,0.0723,0.00161095796002756720
2023-07-01,55,GOONDIWINDI DENTAL CLINIC,189,7,0.037,3.70,27,81,Darling Downs,9194,1044,0.102,0.021,0.0768,0.00157894736842105263
2024-01-01,19,CHARTERS TOWERS DENTAL CL,191,45,0.236,23.56,4,13,Townsville,3219,344,0.097,0.059,0.0253,0.00150409096994180507
2024-07-01,55,GOONDIWINDI DENTAL CLINIC,194,12,0.062,6.19,16,48,Darling Downs,10190,938,0.084,0.019,0.0774,0.00147389533823618793
2024-04-01,62,CHARLEVILLE DENTAL CLINIC,196,55,0.281,28.06,4,11,South West,1058,262,0.198,0.185,0.0081,0.00149686879486787842
2025-04-01,55,GOONDIWINDI DENTAL CLINIC,200,23,0.115,11.50,9,26,Darling Downs,10662,633,0.056,0.019,0.0722,0.00135398613518197574
2024-07-01,62,CHARLEVILLE DENTAL CLINIC,200,84,0.420,42.00,2,7,South West,1096,352,0.243,0.182,0.0083,0.00151947973014039993
2023-07-01,19,CHARTERS TOWERS DENTAL CL,204,8,0.039,3.92,26,77,Townsville,3126,334,0.097,0.065,0.0261,0.00170426065162907268
2023-04-01,62,CHARLEVILLE DENTAL CLINIC,206,54,0.262,26.21,4,11,South West,859,356,0.293,0.240,0.0074,0.00177463818056512750
2023-07-01,118,MT MORGAN DENTAL CLINIC,210,27,0.129,12.86,8,23,Central Queensland,8093,1462,0.153,0.026,0.0676,0.00175438596491228070
2024-01-01,55,GOONDIWINDI DENTAL CLINIC,211,6,0.028,2.84,36,107,Darling Downs,9276,1096,0.106,0.023,0.0730,0.00166158740658492602
2024-04-01,19,CHARTERS TOWERS DENTAL CL,214,32,0.150,14.95,7,20,Townsville,3405,352,0.094,0.063,0.0260,0.00163433633725370399
2023-10-01,55,GOONDIWINDI DENTAL CLINIC,215,4,0.019,1.86,53,158,Darling Downs,9685,881,0.083,0.022,0.0774,0.00171911981065694364
2023-04-01,131,CHILDERS DENTAL CLINIC,219,20,0.091,9.13,11,33,Wide Bay,10529,726,0.065,0.021,0.0907,0.00188662991040661613
2024-04-01,55,GOONDIWINDI DENTAL CLINIC,220,3,0.014,1.36,71,214,Darling Downs,10106,717,0.066,0.022,0.0772,0.00168015885138231251
2023-10-01,19,CHARTERS TOWERS DENTAL CL,220,15,0.068,6.82,15,44,Townsville,3082,507,0.141,0.071,0.0246,0.00175909934113733768
2023-10-01,118,MT MORGAN DENTAL CLINIC,223,8,0.036,3.59,28,83,Central Queensland,8397,1014,0.108,0.027,0.0671,0.00178308705942557411
2023-07-01,14,AYR DENTAL CLINIC,226,43,0.190,19.03,5,16,Townsville,3126,334,0.097,0.072,0.0261,0.00188805346700083542
2024-01-01,118,MT MORGAN DENTAL CLINIC,228,8,0.035,3.51,29,86,Central Queensland,8319,1410,0.145,0.027,0.0655,0.00179545937773157882
2024-10-01,62,CHARLEVILLE DENTAL CLINIC,230,83,0.361,36.09,3,8,South West,1118,302,0.213,0.206,0.0082,0.00168824686573299275
2023-07-01,35,BILOELA DENTAL CLINIC,233,40,0.172,17.17,6,17,Central Queensland,8093,1462,0.153,0.029,0.0676,0.00194653299916457811
2023-07-01,131,CHILDERS DENTAL CLINIC,238,12,0.050,5.04,20,60,Wide Bay,10631,960,0.083,0.022,0.0888,0.00198830409356725146
2023-10-01,14,AYR DENTAL CLINIC,238,46,0.193,19.33,5,16,Townsville,3082,507,0.141,0.077,0.0246,0.00190302565086675622
2023-04-01,35,BILOELA DENTAL CLINIC,241,80,0.332,33.20,3,9,Central Queensland,8391,1401,0.143,0.029,0.0723,0.00207615437629221227
2024-01-01,131,CHILDERS DENTAL CLINIC,248,17,0.069,6.85,14,43,Wide Bay,11174,1270,0.102,0.022,0.0880,0.00195295581437469977
2023-07-01,83,ESK DENTAL CLINIC,249,36,0.145,14.46,7,21,West Moreton,7183,599,0.077,0.035,0.0600,0.00208020050125313283
2024-10-01,150,TORRES STRAIT DENTAL CLINIC,254,36,0.142,14.17,7,21,Torres and Cape,797,54,0.063,0.319,0.0059,0.00186441175607034851
2023-10-01,131,CHILDERS DENTAL CLINIC,254,14,0.055,5.51,18,55,Wide Bay,11135,889,0.074,0.023,0.0890,0.00203096014840401714
2024-04-01,131,CHILDERS DENTAL CLINIC,255,19,0.075,7.45,13,40,Wide Bay,11501,966,0.077,0.022,0.0878,0.00194745685046586223
2025-04-01,150,TORRES STRAIT DENTAL CLINIC,255,108,0.424,42.35,2,7,Torres and Cape,726,156,0.177,0.351,0.0049,0.00172633232235701906
2024-07-01,131,CHILDERS DENTAL CLINIC,263,15,0.057,5.70,18,53,Wide Bay,10803,1769,0.141,0.024,0.0821,0.00199811584513462590
2025-01-01,131,CHILDERS DENTAL CLINIC,266,32,0.120,12.03,8,25,Wide Bay,11636,1093,0.086,0.023,0.0830,0.00189776335033710270
2024-01-01,14,AYR DENTAL CLINIC,268,25,0.093,9.33,11,32,Townsville,3219,344,0.097,0.083,0.0253,0.00211045225101782072
2024-07-01,16,MT ISA DENTAL CLINIC,269,180,0.669,66.91,1,4,North West,388,187,0.325,0.693,0.0029,0.00204370023703883790
2025-04-01,131,CHILDERS DENTAL CLINIC,270,29,0.107,10.74,9,28,Wide Bay,11693,1082,0.085,0.023,0.0792,0.00182788128249566724
2024-07-01,150,TORRES STRAIT DENTAL CLINIC,272,72,0.265,26.47,4,11,Torres and Cape,829,100,0.108,0.328,0.0063,0.00206649243299094390
2024-10-01,131,CHILDERS DENTAL CLINIC,273,20,0.073,7.33,14,41,Wide Bay,11732,773,0.062,0.023,0.0861,0.00200387562758742183
2023-10-01,35,BILOELA DENTAL CLINIC,275,9,0.033,3.27,30,91,Central Queensland,8397,1014,0.108,0.033,0.0671,0.00219887417642167210
2023-04-01,83,ESK DENTAL CLINIC,279,21,0.075,7.53,13,40,West Moreton,7051,386,0.052,0.040,0.0607,0.00240351481736733287
2024-01-01,17,INGHAM DENTAL CLINIC,281,70,0.249,24.91,4,12,Townsville,3219,344,0.097,0.087,0.0253,0.00221282493483584934
2023-04-01,17,INGHAM DENTAL CLINIC,288,17,0.059,5.90,17,51,Townsville,2930,305,0.094,0.098,0.0252,0.00248104755341144039
2024-04-01,14,AYR DENTAL CLINIC,289,19,0.066,6.57,15,45,Townsville,3405,352,0.094,0.085,0.0260,0.00220711776386131052
2024-01-01,83,ESK DENTAL CLINIC,290,17,0.059,5.86,17,51,West Moreton,7983,494,0.058,0.036,0.0629,0.00228369833132525377
2025-04-01,35,BILOELA DENTAL CLINIC,293,69,0.235,23.55,4,13,Central Queensland,8532,1173,0.121,0.034,0.0578,0.00198358968804159445
2024-07-01,14,AYR DENTAL CLINIC,294,24,0.082,8.16,12,37,Townsville,3354,404,0.108,0.088,0.0255,0.00223363520330638789
2025-04-01,14,AYR DENTAL CLINIC,296,51,0.172,17.23,6,17,Townsville,3712,305,0.076,0.080,0.0251,0.00200389948006932409
2025-01-01,14,AYR DENTAL CLINIC,297,31,0.104,10.44,10,29,Townsville,3477,461,0.117,0.085,0.0248,0.00211893125958691542
2025-01-01,62,CHARLEVILLE DENTAL CLINIC,298,100,0.336,33.56,3,9,South West,1230,410,0.250,0.242,0.0088,0.00212606570827239325
2025-01-01,150,TORRES STRAIT DENTAL CLINIC,304,73,0.240,24.01,4,13,Torres and Cape,823,95,0.103,0.369,0.0059,0.00216887240038526023
2024-01-01,46,GAYNDAH DENTAL CLINIC,306,58,0.190,18.95,5,16,Wide Bay,11174,1270,0.102,0.027,0.0880,0.00240969548063975053
2024-01-01,35,BILOELA DENTAL CLINIC,309,7,0.023,2.27,43,130,Central Queensland,8319,1410,0.145,0.037,0.0655,0.00243331994613621867
2023-10-01,83,ESK DENTAL CLINIC,314,0,0.000,0.00,NULL,NULL,West Moreton,8461,52,0.006,0.037,0.0677,0.00251071451416874560
2025-04-01,62,CHARLEVILLE DENTAL CLINIC,315,63,0.200,20.00,5,15,South West,1275,257,0.168,0.247,0.0086,0.00213252816291161179
2023-10-01,46,GAYNDAH DENTAL CLINIC,318,77,0.242,24.21,4,12,Wide Bay,11135,889,0.074,0.029,0.0890,0.00254269813855306083
2024-10-01,14,AYR DENTAL CLINIC,319,30,0.094,9.40,11,32,Townsville,3457,329,0.087,0.092,0.0254,0.00234152500073402038
2023-04-01,84,BOONAH DENTAL CLINIC,322,13,0.040,4.04,25,75,West Moreton,7051,386,0.052,0.046,0.0607,0.00277394900068917988
2023-07-01,46,GAYNDAH DENTAL CLINIC,322,50,0.155,15.53,6,19,Wide Bay,10631,960,0.083,0.030,0.0888,0.00269005847953216374
2024-07-01,17,INGHAM DENTAL CLINIC,323,46,0.142,14.24,7,21,Townsville,3354,404,0.108,0.096,0.0255,0.00245395976417674588
2024-04-01,46,GAYNDAH DENTAL CLINIC,325,48,0.148,14.77,7,20,Wide Bay,11501,966,0.077,0.028,0.0878,0.00248205284863296166
2024-10-01,16,MT ISA DENTAL CLINIC,328,15,0.046,4.57,22,65,North West,446,19,0.041,0.735,0.0033,0.00240758683461052879
2024-01-01,84,BOONAH DENTAL CLINIC,330,29,0.088,8.79,11,34,West Moreton,7983,494,0.058,0.041,0.0629,0.00259869120461149566
2023-07-01,84,BOONAH DENTAL CLINIC,334,20,0.060,5.99,17,50,West Moreton,7183,599,0.077,0.046,0.0600,0.00279030910609857978
2024-07-01,84,BOONAH DENTAL CLINIC,335,57,0.170,17.01,6,18,West Moreton,9226,985,0.096,0.036,0.0701,0.00254512854798516988
2024-04-01,17,INGHAM DENTAL CLINIC,336,48,0.143,14.29,7,21,Townsville,3405,352,0.094,0.099,0.0260,0.00256606079120207729
2023-07-01,17,INGHAM DENTAL CLINIC,337,13,0.039,3.86,26,77,Townsville,3126,334,0.097,0.108,0.0261,0.00281537176274018379
2024-04-01,35,BILOELA DENTAL CLINIC,337,13,0.039,3.86,26,77,Central Queensland,8170,1526,0.157,0.041,0.0624,0.00257369787689017871
2024-07-01,46,GAYNDAH DENTAL CLINIC,338,67,0.198,19.82,5,15,Wide Bay,10803,1769,0.141,0.031,0.0821,0.00256792074393727588
2023-10-01,17,INGHAM DENTAL CLINIC,341,33,0.097,9.68,10,31,Townsville,3082,507,0.141,0.111,0.0246,0.00272660397876287341
2024-07-01,83,ESK DENTAL CLINIC,343,40,0.117,11.66,9,26,West Moreton,9226,985,0.096,0.037,0.0701,0.00260590773719078587
2023-04-01,46,GAYNDAH DENTAL CLINIC,346,71,0.205,20.52,5,15,Wide Bay,10529,726,0.065,0.033,0.0907,0.00298070296347346657
2025-01-01,84,BOONAH DENTAL CLINIC,346,15,0.043,4.34,23,70,West Moreton,9953,312,0.030,0.035,0.0710,0.00246851924517532908
2024-10-01,17,INGHAM DENTAL CLINIC,347,42,0.121,12.10,8,25,Townsville,3457,329,0.087,0.100,0.0254,0.00254705070612760210
2024-10-01,46,GAYNDAH DENTAL CLINIC,347,60,0.173,17.29,6,17,Wide Bay,11732,773,0.062,0.030,0.0861,0.00254705070612760210
2023-04-01,53,MILES DENTAL CLINIC,349,71,0.203,20.34,5,15,Darling Downs,9114,1073,0.105,0.038,0.0785,0.00300654720882150241
2024-10-01,35,BILOELA DENTAL CLINIC,351,38,0.108,10.83,9,28,Central Queensland,8593,1115,0.115,0.041,0.0631,0.00257641152118382806
2025-01-01,83,ESK DENTAL CLINIC,352,8,0.023,2.27,43,130,West Moreton,9953,312,0.030,0.035,0.0710,0.00251132593728819605
2024-04-01,83,ESK DENTAL CLINIC,354,8,0.023,2.26,43,130,West Moreton,9524,270,0.028,0.037,0.0727,0.00270352833358790286
2025-01-01,35,BILOELA DENTAL CLINIC,356,51,0.143,14.33,7,21,Central Queensland,8636,1473,0.146,0.041,0.0616,0.00253986373203010737
2025-01-01,46,GAYNDAH DENTAL CLINIC,360,36,0.100,10.00,10,30,Wide Bay,11636,1093,0.086,0.031,0.0830,0.00256840152677201869
2023-10-01,84,BOONAH DENTAL CLINIC,360,1,0.003,0.28,333,1000,West Moreton,8461,52,0.006,0.043,0.0677,0.00287852619458837075
2025-01-01,16,MT ISA DENTAL CLINIC,363,59,0.163,16.25,6,18,North West,492,60,0.109,0.738,0.0035,0.00258980487282845218
2024-10-01,83,ESK DENTAL CLINIC,367,8,0.022,2.18,45,136,West Moreton,10032,453,0.043,0.037,0.0736,0.00269385478140873191
2024-07-01,35,BILOELA DENTAL CLINIC,368,15,0.041,4.08,24,73,Central Queensland,7970,1618,0.169,0.046,0.0606,0.00279584270345833587
2025-04-01,46,GAYNDAH DENTAL CLINIC,369,44,0.119,11.92,8,25,Wide Bay,11693,1082,0.085,0.032,0.0792,0.00249810441941074523
2025-01-01,17,INGHAM DENTAL CLINIC,372,19,0.051,5.11,20,59,Townsville,3477,461,0.117,0.107,0.0248,0.00265401491099775265
2024-10-01,84,BOONAH DENTAL CLINIC,373,29,0.078,7.77,13,38,West Moreton,10032,453,0.043,0.037,0.0736,0.00273789600399307085
2023-04-01,107,CAPE YORK DENTAL CLINIC,376,46,0.122,12.23,8,25,Torres and Cape,909,131,0.126,0.414,0.0078,0.00323914541695382495
2024-04-01,84,BOONAH DENTAL CLINIC,376,12,0.032,3.19,31,94,West Moreton,9524,270,0.028,0.039,0.0727,0.00287154421872613411
2025-04-01,17,INGHAM DENTAL CLINIC,381,52,0.136,13.65,7,22,Townsville,3712,305,0.076,0.103,0.0251,0.00257934358752166378
2023-07-01,53,MILES DENTAL CLINIC,385,74,0.192,19.22,5,16,Darling Downs,9194,1044,0.102,0.042,0.0768,0.00321637426900584795
2025-04-01,84,BOONAH DENTAL CLINIC,396,22,0.056,5.56,18,54,West Moreton,11456,456,0.038,0.035,0.0776,0.00268089254766031196
2023-04-01,16,MT ISA DENTAL CLINIC,399,26,0.065,6.52,15,46,North West,655,30,0.044,0.609,0.0056,0.00343728463128876637
2025-04-01,83,ESK DENTAL CLINIC,400,13,0.033,3.25,30,91,West Moreton,11456,456,0.038,0.035,0.0776,0.00270797227036395147
2023-07-01,65,ROMA HOSPITAL DENTAL CLIN,400,150,0.375,37.50,3,8,South West,798,288,0.265,0.501,0.0067,0.00334168755221386800
2024-01-01,53,MILES DENTAL CLINIC,401,77,0.192,19.20,5,16,Darling Downs,9276,1096,0.106,0.043,0.0730,0.00315780355469457504
2024-01-01,16,MT ISA DENTAL CLINIC,410,58,0.141,14.15,7,21,North West,585,66,0.101,0.701,0.0046,0.00322867695118397946
2023-04-01,65,ROMA HOSPITAL DENTAL CLIN,413,207,0.501,50.12,2,6,South West,859,356,0.293,0.481,0.0074,0.00355789110957960028
2023-10-01,53,MILES DENTAL CLINIC,415,92,0.222,22.17,5,14,Darling Downs,9685,881,0.083,0.043,0.0774,0.00331830102987270517
2024-07-01,53,MILES DENTAL CLINIC,419,71,0.169,16.95,6,18,Darling Downs,10190,938,0.084,0.041,0.0774,0.00318331003464413785
2023-07-01,107,CAPE YORK DENTAL CLINIC,422,71,0.168,16.82,6,18,Torres and Cape,1037,155,0.130,0.407,0.0087,0.00352548036758563074
2024-04-01,16,MT ISA DENTAL CLINIC,425,19,0.045,4.47,22,67,North West,554,70,0.112,0.767,0.0042,0.00324576141744310371
2024-07-01,21,MOSSMAN DENTAL CLINIC,429,66,0.154,15.38,6,19,Cairns and Hinterland,8548,1345,0.136,0.050,0.0649,0.00325928402115115784
2024-04-01,53,MILES DENTAL CLINIC,434,54,0.124,12.44,8,24,Darling Downs,10106,717,0.066,0.043,0.0772,0.00331449518863601650
2024-04-01,21,MOSSMAN DENTAL CLINIC,440,78,0.177,17.73,6,17,Cairns and Hinterland,8619,1150,0.118,0.051,0.0658,0.00336031770276462502
2023-10-01,21,MOSSMAN DENTAL CLINIC,440,50,0.114,11.36,9,26,Cairns and Hinterland,8686,836,0.088,0.051,0.0695,0.00351819868227467537
2023-07-01,16,MT ISA DENTAL CLINIC,443,34,0.077,7.67,13,39,North West,687,35,0.048,0.645,0.0057,0.00370091896407685881
2025-01-01,53,MILES DENTAL CLINIC,453,68,0.150,15.01,7,20,Darling Downs,10346,597,0.055,0.044,0.0738,0.00323190525452145685
2025-01-01,36,EMERALD DENTAL CLINIC,454,155,0.341,34.14,3,9,Central Queensland,8636,1473,0.146,0.053,0.0616,0.00323903970320693468
2024-10-01,53,MILES DENTAL CLINIC,455,100,0.220,21.98,5,14,Darling Downs,10084,757,0.070,0.045,0.0740,0.00333979271264570304
2023-07-01,28,TULLY DENTAL CLINIC,455,139,0.305,30.55,3,10,Cairns and Hinterland,8338,1189,0.125,0.055,0.0697,0.00380116959064327485
2023-10-01,65,ROMA HOSPITAL DENTAL CLIN,456,157,0.344,34.43,3,9,South West,942,255,0.213,0.484,0.0075,0.00364613317981193629
2023-10-01,107,CAPE YORK DENTAL CLINIC,457,35,0.077,7.66,13,39,Torres and Cape,1054,111,0.095,0.434,0.0084,0.00365412908590801510
2025-04-01,16,MT ISA DENTAL CLINIC,462,26,0.056,5.63,18,54,North West,610,57,0.085,0.757,0.0041,0.00312770797227036395
2024-07-01,36,EMERALD DENTAL CLINIC,462,197,0.426,42.64,2,7,Central Queensland,7970,1618,0.169,0.058,0.0606,0.00350999817662432383
2023-04-01,28,TULLY DENTAL CLINIC,470,135,0.287,28.72,3,10,Cairns and Hinterland,8481,1341,0.137,0.055,0.0731,0.00404893177119228119
2025-04-01,107,CAPE YORK DENTAL CLINIC,471,48,0.102,10.19,10,29,Torres and Cape,726,156,0.177,0.649,0.0049,0.00318863734835355286
2023-07-01,21,MOSSMAN DENTAL CLINIC,473,32,0.068,6.77,15,44,Cairns and Hinterland,8338,1189,0.125,0.057,0.0697,0.00395154553049289891
2023-04-01,36,EMERALD DENTAL CLINIC,474,93,0.196,19.62,5,15,Central Queensland,8391,1401,0.143,0.056,0.0723,0.00408339076498966230
2024-01-01,21,MOSSMAN DENTAL CLINIC,475,46,0.097,9.68,10,31,Cairns and Hinterland,8538,1332,0.135,0.056,0.0672,0.00374054037027412255
2023-10-01,16,MT ISA DENTAL CLINIC,482,12,0.025,2.49,40,120,North West,702,19,0.026,0.687,0.0056,0.00385402673830998529
2024-10-01,21,MOSSMAN DENTAL CLINIC,487,52,0.107,10.68,9,28,Cairns and Hinterland,9252,996,0.097,0.053,0.0679,0.00357467923309551073
2025-04-01,53,MILES DENTAL CLINIC,487,52,0.107,10.68,9,28,Darling Downs,10662,633,0.056,0.046,0.0722,0.00329695623916811092
2024-01-01,107,CAPE YORK DENTAL CLINIC,493,51,0.103,10.34,10,29,Torres and Cape,1041,174,0.143,0.474,0.0082,0.00388228716325293140
2023-04-01,21,MOSSMAN DENTAL CLINIC,495,77,0.156,15.56,6,19,Cairns and Hinterland,8481,1341,0.137,0.058,0.0731,0.00426430048242591316
2025-04-01,36,EMERALD DENTAL CLINIC,495,112,0.226,22.63,4,13,Central Queensland,8532,1173,0.121,0.058,0.0578,0.00335111568457538995
2023-07-01,36,EMERALD DENTAL CLINIC,496,99,0.200,19.96,5,15,Central Queensland,8093,1462,0.153,0.061,0.0676,0.00414369256474519632
2024-01-01,65,ROMA HOSPITAL DENTAL CLIN,497,196,0.394,39.44,3,8,South West,1039,280,0.212,0.478,0.0082,0.00391378645058155559
2023-10-01,28,TULLY DENTAL CLINIC,502,60,0.120,11.95,8,25,Cairns and Hinterland,8686,836,0.088,0.058,0.0695,0.00401394486023156144
2024-01-01,28,TULLY DENTAL CLINIC,508,61,0.120,12.01,8,25,Cairns and Hinterland,8538,1332,0.135,0.059,0.0672,0.00400040949073527211
2024-04-01,65,ROMA HOSPITAL DENTAL CLIN,508,150,0.295,29.53,3,10,South West,1058,262,0.198,0.480,0.0081,0.00387963952955552161
2024-01-01,36,EMERALD DENTAL CLINIC,518,110,0.212,21.24,5,14,Central Queensland,8319,1410,0.145,0.062,0.0655,0.00407915770905683259
2025-01-01,107,CAPE YORK DENTAL CLINIC,519,22,0.042,4.24,24,71,Torres and Cape,823,95,0.103,0.631,0.0059,0.00370277886776299361
2025-04-01,21,MOSSMAN DENTAL CLINIC,519,61,0.118,11.75,8,25,Cairns and Hinterland,10058,878,0.080,0.052,0.0681,0.00351359402079722704
2024-04-01,107,CAPE YORK DENTAL CLINIC,519,31,0.060,5.97,17,50,Torres and Cape,1076,138,0.114,0.482,0.0082,0.00396364747212463724
2024-07-01,8,PALM BEACH DENTAL CLINIC,522,201,0.385,38.51,3,8,Gold Coast,9576,1038,0.098,0.055,0.0728,0.00396584209566644381
2024-10-01,36,EMERALD DENTAL CLINIC,524,89,0.170,16.98,6,18,Central Queensland,8593,1115,0.115,0.061,0.0631,0.00384626677236560087
2023-04-01,150,TORRES STRAIT DENTAL CLINIC,533,85,0.159,15.95,6,19,Torres and Cape,909,131,0.126,0.586,0.0078,0.00459166092350103377
2023-10-01,36,EMERALD DENTAL CLINIC,542,63,0.116,11.62,9,26,Central Queensland,8397,1014,0.108,0.065,0.0671,0.00433378110407471375
2024-10-01,107,CAPE YORK DENTAL CLINIC,543,18,0.033,3.31,30,91,Torres and Cape,797,54,0.063,0.681,0.0059,0.00398573064388267418
2024-01-01,150,TORRES STRAIT DENTAL CLINIC,548,123,0.224,22.45,4,13,Torres and Cape,1041,174,0.143,0.526,0.0082,0.00431540236402151401
2024-10-01,65,ROMA HOSPITAL DENTAL CLIN,553,179,0.324,32.37,3,9,South West,1118,302,0.213,0.495,0.0082,0.00405913268152323909
2024-04-01,28,TULLY DENTAL CLINIC,554,68,0.123,12.27,8,24,Cairns and Hinterland,8619,1150,0.118,0.064,0.0658,0.00423094547120818696
2024-04-01,150,TORRES STRAIT DENTAL CLINIC,557,107,0.192,19.21,5,16,Torres and Cape,1076,138,0.114,0.518,0.0082,0.00425385672827249122
2024-07-01,107,CAPE YORK DENTAL CLINIC,557,28,0.050,5.03,20,60,Torres and Cape,829,100,0.108,0.672,0.0063,0.00423175104844101380
2024-07-01,65,ROMA HOSPITAL DENTAL CLIN,559,181,0.324,32.38,3,9,South West,1096,352,0.243,0.510,0.0083,0.00424694584574241780
2025-01-01,21,MOSSMAN DENTAL CLINIC,566,9,0.016,1.59,63,188,Cairns and Hinterland,9599,798,0.077,0.059,0.0685,0.00403809795598045161
2025-01-01,65,ROMA HOSPITAL DENTAL CLIN,571,229,0.401,40.11,2,7,South West,1230,410,0.250,0.464,0.0088,0.00407377019940784076
2025-04-01,65,ROMA HOSPITAL DENTAL CLIN,574,158,0.275,27.53,4,11,South West,1275,257,0.168,0.450,0.0086,0.00388594020797227036
2024-04-01,36,EMERALD DENTAL CLINIC,582,106,0.182,18.21,5,16,Central Queensland,8170,1526,0.157,0.071,0.0624,0.00444478387047502673
2024-04-01,8,PALM BEACH DENTAL CLINIC,587,0,0.000,0.00,NULL,NULL,Gold Coast,9111,857,0.086,0.064,0.0696,0.00448296929891553383
2023-10-01,150,TORRES STRAIT DENTAL CLINIC,597,76,0.127,12.73,8,24,Torres and Cape,1054,111,0.095,0.566,0.0084,0.00477355593935904817
2023-07-01,150,TORRES STRAIT DENTAL CLINIC,615,84,0.137,13.66,7,22,Torres and Cape,1037,155,0.130,0.593,0.0087,0.00513784461152882206
2024-07-01,28,TULLY DENTAL CLINIC,621,77,0.124,12.40,8,24,Cairns and Hinterland,8548,1345,0.136,0.073,0.0649,0.00471798456208594177
2024-10-01,8,PALM BEACH DENTAL CLINIC,622,168,0.270,27.01,4,11,Gold Coast,10069,993,0.090,0.062,0.0739,0.00456560674124313691
2023-07-01,58,WARWICK DENTAL CLINIC,635,90,0.142,14.17,7,21,Darling Downs,9194,1044,0.102,0.069,0.0768,0.00530492898913951546
2023-07-01,42,CENTRAL WEST DENTAL CLINICS,645,70,0.109,10.85,9,28,Central West,645,70,0.098,1.000,0.0054,0.00538847117794486216
2023-04-01,58,WARWICK DENTAL CLINIC,653,55,0.084,8.42,12,36,Darling Downs,9114,1073,0.105,0.072,0.0785,0.00562543073742246726
2025-04-01,28,TULLY DENTAL CLINIC,679,93,0.137,13.70,7,22,Cairns and Hinterland,10058,878,0.080,0.068,0.0681,0.00459678292894280763
2023-10-01,58,WARWICK DENTAL CLINIC,690,83,0.120,12.03,8,25,Darling Downs,9685,881,0.083,0.071,0.0774,0.00551717520629437728
2025-01-01,28,TULLY DENTAL CLINIC,690,68,0.099,9.86,10,30,Cairns and Hinterland,9599,798,0.077,0.072,0.0685,0.00492276959297970249
2023-07-01,57,STANTHORPE DENTAL CLINIC,695,101,0.145,14.53,7,21,Darling Downs,9194,1044,0.102,0.076,0.0768,0.00580618212197159566
2024-10-01,28,TULLY DENTAL CLINIC,700,40,0.057,5.71,18,53,Cairns and Hinterland,9252,996,0.097,0.076,0.0679,0.00513814263483954315
2023-04-01,57,STANTHORPE DENTAL CLINIC,707,81,0.115,11.46,9,26,Darling Downs,9114,1073,0.105,0.078,0.0785,0.00609062715368711234
2024-01-01,57,STANTHORPE DENTAL CLINIC,717,52,0.073,7.25,14,41,Darling Downs,9276,1096,0.106,0.077,0.0730,0.00564624725365588604
2023-07-01,27,SMITHFIELD DENTAL CLINIC,720,118,0.164,16.39,6,18,Cairns and Hinterland,8338,1189,0.125,0.086,0.0697,0.00601503759398496241
2024-01-01,23,ATHERTON DENTAL CLINIC,721,151,0.209,20.94,5,14,Cairns and Hinterland,8538,1332,0.135,0.084,0.0672,0.00567774654098451023
2024-01-01,8,PALM BEACH DENTAL CLINIC,726,0,0.000,0.00,NULL,NULL,Gold Coast,8924,978,0.099,0.081,0.0703,0.00571712065014529046
2025-01-01,60,DALBY DENTAL CLINIC,737,17,0.023,2.31,43,130,Darling Downs,10346,597,0.055,0.071,0.0738,0.00525808868119716049
2024-01-01,58,WARWICK DENTAL CLINIC,737,64,0.087,8.68,11,34,Darling Downs,9276,1096,0.106,0.079,0.0730,0.00580374369029900698
2024-10-01,60,DALBY DENTAL CLINIC,747,64,0.086,8.57,12,35,Darling Downs,10084,757,0.070,0.074,0.0740,0.00548313221175019819
2024-04-01,23,ATHERTON DENTAL CLINIC,756,115,0.152,15.21,7,20,Cairns and Hinterland,8619,1150,0.118,0.088,0.0658,0.00577363678020467390
2023-04-01,13,BOWEN DENTAL CLINIC,758,234,0.309,30.87,3,10,Mackay,6612,1059,0.138,0.115,0.0570,0.00652997932460372157
2023-10-01,57,STANTHORPE DENTAL CLINIC,765,23,0.030,3.01,33,100,Darling Downs,9685,881,0.083,0.079,0.0774,0.00611686816350028785
2023-07-01,23,ATHERTON DENTAL CLINIC,768,109,0.142,14.19,7,21,Cairns and Hinterland,8338,1189,0.125,0.092,0.0697,0.00641604010025062657
2023-10-01,27,SMITHFIELD DENTAL CLINIC,769,94,0.122,12.22,8,25,Cairns and Hinterland,8686,836,0.088,0.089,0.0695,0.00614885178788460308
2024-10-01,57,STANTHORPE DENTAL CLINIC,771,86,0.112,11.15,9,27,Darling Downs,10084,757,0.070,0.076,0.0740,0.00565929710208755395
2023-04-01,24,INNISFAIL DENTAL CLINIC,773,147,0.190,19.02,5,16,Cairns and Hinterland,8481,1341,0.137,0.091,0.0731,0.00665920055134390076
2025-04-01,60,DALBY DENTAL CLINIC,774,48,0.062,6.20,16,48,Darling Downs,10662,633,0.056,0.073,0.0722,0.00523992634315424610
2025-01-01,8,PALM BEACH DENTAL CLINIC,779,135,0.173,17.33,6,17,Gold Coast,10387,973,0.086,0.075,0.0741,0.00555773552598722934
2023-10-01,23,ATHERTON DENTAL CLINIC,786,74,0.094,9.41,11,32,Cairns and Hinterland,8686,836,0.088,0.090,0.0695,0.00628478219151794281
2023-04-01,27,SMITHFIELD DENTAL CLINIC,786,138,0.176,17.56,6,17,Cairns and Hinterland,8481,1341,0.137,0.093,0.0731,0.00677119228118538939
2023-07-01,38,PROSERPINE DENTAL,787,239,0.304,30.37,3,10,Mackay,6426,1128,0.149,0.122,0.0537,0.00657477025898078530
2023-04-01,38,PROSERPINE DENTAL,790,310,0.392,39.24,3,8,Mackay,6612,1059,0.138,0.119,0.0570,0.00680565127498277050
2023-07-01,13,BOWEN DENTAL CLINIC,791,301,0.381,38.05,3,8,Mackay,6426,1128,0.149,0.123,0.0537,0.00660818713450292398
2024-07-01,23,ATHERTON DENTAL CLINIC,792,98,0.124,12.37,8,24,Cairns and Hinterland,8548,1345,0.136,0.093,0.0649,0.00601713973135598371
2024-01-01,60,DALBY DENTAL CLINIC,796,69,0.087,8.67,11,34,Darling Downs,9276,1096,0.106,0.086,0.0730,0.00626835817839621379
2024-07-01,13,BOWEN DENTAL CLINIC,812,373,0.459,45.94,2,7,Mackay,6286,2554,0.289,0.129,0.0478,0.00616908770437002370
2024-07-01,38,PROSERPINE DENTAL,813,327,0.402,40.22,2,7,Mackay,6286,2554,0.289,0.129,0.0478,0.00617668510302072570
2024-07-01,60,DALBY DENTAL CLINIC,814,49,0.060,6.02,17,50,Darling Downs,10190,938,0.084,0.080,0.0774,0.00618428250167142770
2024-04-01,60,DALBY DENTAL CLINIC,815,41,0.050,5.03,20,60,Darling Downs,10106,717,0.066,0.081,0.0772,0.00622422483580265771
2023-04-01,23,ATHERTON DENTAL CLINIC,816,100,0.123,12.25,8,24,Cairns and Hinterland,8481,1341,0.137,0.096,0.0731,0.00702963473466574776
2024-01-01,27,SMITHFIELD DENTAL CLINIC,821,124,0.151,15.10,7,20,Cairns and Hinterland,8538,1332,0.135,0.096,0.0672,0.00646522872420011497
2024-04-01,57,STANTHORPE DENTAL CLINIC,827,47,0.057,5.68,18,53,Darling Downs,10106,717,0.066,0.082,0.0772,0.00631586986405987475
2023-07-01,24,INNISFAIL DENTAL CLINIC,827,226,0.273,27.33,4,11,Cairns and Hinterland,8338,1189,0.125,0.099,0.0697,0.00690893901420217210
2023-10-01,8,PALM BEACH DENTAL CLINIC,830,0,0.000,0.00,NULL,NULL,Gold Coast,8498,1003,0.106,0.098,0.0679,0.00663660205974541035
2025-01-01,57,STANTHORPE DENTAL CLINIC,831,41,0.049,4.93,20,61,Darling Downs,10346,597,0.055,0.080,0.0738,0.00592872685763207648
2024-07-01,57,STANTHORPE DENTAL CLINIC,834,92,0.110,11.03,9,27,Darling Downs,10190,938,0.084,0.082,0.0774,0.00633623047468546770
2023-04-01,42,CENTRAL WEST DENTAL CLINICS,847,118,0.139,13.93,7,22,Central West,847,118,0.122,1.000,0.0073,0.00729669193659545141
2024-10-01,58,WARWICK DENTAL CLINIC,850,73,0.086,8.59,12,35,Darling Downs,10084,757,0.070,0.084,0.0740,0.00623917319944801668
2024-04-01,27,SMITHFIELD DENTAL CLINIC,852,74,0.087,8.69,11,34,Cairns and Hinterland,8619,1150,0.118,0.099,0.0658,0.00650679700626241026
2025-04-01,57,STANTHORPE DENTAL CLINIC,854,65,0.076,7.61,13,39,Darling Downs,10662,633,0.056,0.080,0.0722,0.00578152079722703640
2024-04-01,58,WARWICK DENTAL CLINIC,855,17,0.020,1.99,50,150,Darling Downs,10106,717,0.066,0.085,0.0772,0.00652970826332671453
2023-04-01,8,PALM BEACH DENTAL CLINIC,857,150,0.175,17.50,6,17,Gold Coast,9743,1155,0.106,0.088,0.0839,0.00738283942108890420
2024-10-01,27,SMITHFIELD DENTAL CLINIC,867,95,0.110,10.96,9,27,Cairns and Hinterland,9252,996,0.097,0.094,0.0679,0.00636395666343697701
2024-07-01,27,SMITHFIELD DENTAL CLINIC,868,137,0.158,15.78,6,19,Cairns and Hinterland,8548,1345,0.136,0.102,0.0649,0.00659454202880933568
2025-01-01,13,BOWEN DENTAL CLINIC,870,336,0.386,38.62,3,8,Mackay,6506,1381,0.175,0.134,0.0464,0.00620697035636571184
2024-07-01,58,WARWICK DENTAL CLINIC,876,73,0.083,8.33,12,36,Darling Downs,10190,938,0.084,0.086,0.0774,0.00665532121801495168
2024-10-01,13,BOWEN DENTAL CLINIC,882,148,0.168,16.78,6,18,Mackay,6990,1209,0.147,0.126,0.0513,0.00647405971989782436
2023-07-01,8,PALM BEACH DENTAL CLINIC,886,132,0.149,14.90,7,20,Gold Coast,8685,1505,0.148,0.102,0.0726,0.00740183792815371763
2025-01-01,58,WARWICK DENTAL CLINIC,892,18,0.020,2.02,50,150,Darling Downs,10346,597,0.055,0.086,0.0738,0.00636392822744622409
2023-07-01,60,DALBY DENTAL CLINIC,894,47,0.053,5.26,19,57,Darling Downs,9194,1044,0.102,0.097,0.0768,0.00746867167919799499
2023-04-01,94,SANDGATE DENTAL CLINIC,896,22,0.025,2.46,40,120,Metro North,12311,4473,0.267,0.073,0.1061,0.00771881461061337009
2024-04-01,13,BOWEN DENTAL CLINIC,897,284,0.317,31.66,3,9,Mackay,6958,1010,0.127,0.129,0.0531,0.00685046586222697419
2024-10-01,23,ATHERTON DENTAL CLINIC,901,64,0.071,7.10,14,42,Cairns and Hinterland,9252,996,0.097,0.097,0.0679,0.00661352359141489768
2023-10-01,24,INNISFAIL DENTAL CLINIC,905,83,0.092,9.17,11,33,Cairns and Hinterland,8686,836,0.088,0.104,0.0695,0.00723629501695132092
2024-01-01,13,BOWEN DENTAL CLINIC,913,264,0.289,28.92,3,10,Mackay,6877,1117,0.140,0.133,0.0542,0.00718971233275847134
2025-01-01,23,ATHERTON DENTAL CLINIC,915,68,0.074,7.43,14,41,Cairns and Hinterland,9599,798,0.077,0.095,0.0685,0.00652802054721221418
2023-10-01,60,DALBY DENTAL CLINIC,916,51,0.056,5.57,18,54,Darling Downs,9685,881,0.083,0.095,0.0774,0.00732424998400818781
2025-04-01,8,PALM BEACH DENTAL CLINIC,930,97,0.104,10.43,10,29,Gold Coast,9652,1429,0.129,0.096,0.0653,0.00629603552859618718
2023-10-01,13,BOWEN DENTAL CLINIC,931,221,0.237,23.74,4,13,Mackay,7187,455,0.060,0.130,0.0575,0.00744418857544936992
2025-04-01,13,BOWEN DENTAL CLINIC,938,75,0.080,8.00,13,38,Mackay,6771,622,0.084,0.139,0.0458,0.00635019497400346620
2023-04-01,60,DALBY DENTAL CLINIC,938,115,0.123,12.26,8,24,Darling Downs,9114,1073,0.105,0.103,0.0785,0.00808063404548587181
2025-01-01,27,SMITHFIELD DENTAL CLINIC,946,78,0.082,8.25,12,37,Cairns and Hinterland,9599,798,0.077,0.099,0.0685,0.00674918845646202690
2025-04-01,58,WARWICK DENTAL CLINIC,948,23,0.024,2.43,42,125,Darling Downs,10662,633,0.056,0.089,0.0722,0.00641789428076256499
2024-07-01,24,INNISFAIL DENTAL CLINIC,949,143,0.151,15.07,7,20,Cairns and Hinterland,8548,1345,0.136,0.111,0.0649,0.00720993131951619765
2025-04-01,27,SMITHFIELD DENTAL CLINIC,957,88,0.092,9.20,11,33,Cairns and Hinterland,10058,878,0.080,0.095,0.0681,0.00647882365684575390
2024-04-01,38,PROSERPINE DENTAL,958,236,0.246,24.63,4,12,Mackay,6958,1010,0.127,0.138,0.0531,0.00731632808920116084
2023-10-01,38,PROSERPINE DENTAL,961,46,0.048,4.79,21,62,Mackay,7187,455,0.060,0.134,0.0575,0.00768406575833173415
2023-04-01,10,ROBINA DENTAL CLINIC,964,210,0.218,21.78,5,14,Gold Coast,9743,1155,0.106,0.099,0.0839,0.00830461750516884907
2025-04-01,23,ATHERTON DENTAL CLINIC,968,65,0.067,6.71,15,45,Cairns and Hinterland,10058,878,0.080,0.096,0.0681,0.00655329289428076256
2024-01-01,38,PROSERPINE DENTAL,969,179,0.185,18.47,5,16,Mackay,6877,1117,0.140,0.141,0.0542,0.00763070235535921000
2024-04-01,42,CENTRAL WEST DENTAL CLINICS,984,120,0.122,12.20,8,25,Central West,984,120,0.109,1.000,0.0075,0.00751489231709179777
2024-01-01,24,INNISFAIL DENTAL CLINIC,984,117,0.119,11.89,8,25,Cairns and Hinterland,8538,1332,0.135,0.115,0.0672,0.00774882468284155071
2024-04-01,24,INNISFAIL DENTAL CLINIC,992,105,0.106,10.58,9,28,Cairns and Hinterland,8619,1150,0.118,0.115,0.0658,0.00757598900259660913
2025-01-01,24,INNISFAIL DENTAL CLINIC,995,163,0.164,16.38,6,18,Cairns and Hinterland,9599,798,0.077,0.104,0.0685,0.00709877644205044055
2024-01-01,86,COLLINGWOOD PARK DENTAL C,997,65,0.065,6.52,15,46,West Moreton,7983,494,0.058,0.125,0.0629,0.00785119736665957933
2024-01-01,25,MAREEBA DENTAL CLINIC,1004,246,0.245,24.50,4,12,Cairns and Hinterland,8538,1332,0.135,0.118,0.0672,0.00790632111948467166
2024-07-01,42,CENTRAL WEST DENTAL CLINICS,1020,125,0.123,12.25,8,24,Central West,1020,125,0.109,1.000,0.0077,0.00774934662371603963
2024-07-01,25,MAREEBA DENTAL CLINIC,1024,180,0.176,17.58,6,17,Cairns and Hinterland,8548,1345,0.136,0.120,0.0649,0.00777973621831884763
2023-07-01,10,ROBINA DENTAL CLINIC,1030,176,0.171,17.09,6,18,Gold Coast,8685,1505,0.148,0.119,0.0726,0.00860484544695071011
2023-10-01,42,CENTRAL WEST DENTAL CLINICS,1032,111,0.108,10.76,9,28,Central West,1032,111,0.097,1.000,0.0083,0.00825177509115332950
2024-01-01,42,CENTRAL WEST DENTAL CLINICS,1045,45,0.043,4.31,23,70,Central West,1045,45,0.041,1.000,0.0082,0.00822918881460306961
2024-01-01,94,SANDGATE DENTAL CLINIC,1055,15,0.014,1.42,71,214,Metro North,14865,1821,0.109,0.071,0.1171,0.00830793703292463008
2024-10-01,38,PROSERPINE DENTAL,1055,89,0.084,8.44,12,36,Mackay,6990,1209,0.147,0.151,0.0513,0.00774391497107959717
2025-04-01,24,INNISFAIL DENTAL CLINIC,1058,120,0.113,11.34,9,27,Cairns and Hinterland,10058,878,0.080,0.105,0.0681,0.00716258665511265165
2025-01-01,38,PROSERPINE DENTAL,1061,235,0.221,22.15,5,14,Mackay,6506,1381,0.175,0.163,0.0464,0.00756965005529197731
2023-07-01,86,COLLINGWOOD PARK DENTAL C,1061,74,0.070,6.97,14,43,West Moreton,7183,599,0.077,0.148,0.0600,0.00886382623224728488
2023-07-01,94,SANDGATE DENTAL CLINIC,1063,22,0.021,2.07,48,143,Metro North,13401,1751,0.116,0.079,0.1120,0.00888053467000835422
2024-10-01,42,CENTRAL WEST DENTAL CLINICS,1064,185,0.174,17.39,6,17,Central West,1064,185,0.148,1.000,0.0078,0.00780997680495610558
2024-04-01,25,MAREEBA DENTAL CLINIC,1065,112,0.105,10.52,10,29,Cairns and Hinterland,8619,1150,0.118,0.124,0.0658,0.00813349625782801283
2023-07-01,25,MAREEBA DENTAL CLINIC,1068,158,0.148,14.79,7,20,Cairns and Hinterland,8338,1189,0.125,0.128,0.0697,0.00892230576441102757
2024-04-01,10,ROBINA DENTAL CLINIC,1080,259,0.240,23.98,4,13,Gold Coast,9111,857,0.086,0.119,0.0696,0.00824805254314953414
2025-01-01,25,MAREEBA DENTAL CLINIC,1081,109,0.101,10.08,10,30,Cairns and Hinterland,9599,798,0.077,0.113,0.0685,0.00771233902900153391
2025-04-01,38,PROSERPINE DENTAL,1084,150,0.138,13.84,7,22,Mackay,6771,622,0.084,0.160,0.0458,0.00733860485268630849
2024-10-01,24,INNISFAIL DENTAL CLINIC,1090,57,0.052,5.23,19,58,Cairns and Hinterland,9252,996,0.097,0.118,0.0679,0.00800082210282157433
2023-10-01,10,ROBINA DENTAL CLINIC,1093,181,0.166,16.56,6,18,Gold Coast,8498,1003,0.106,0.129,0.0679,0.00873952536301413676
2024-01-01,10,ROBINA DENTAL CLINIC,1095,333,0.304,30.41,3,10,Gold Coast,8924,978,0.099,0.123,0.0703,0.00862292990621087198
2023-10-01,94,SANDGATE DENTAL CLINIC,1097,20,0.018,1.82,56,167,Metro North,14553,1649,0.102,0.075,0.1164,0.00877150898739845199
2025-04-01,25,MAREEBA DENTAL CLINIC,1106,106,0.096,9.58,10,31,Cairns and Hinterland,10058,878,0.080,0.110,0.0681,0.00748754332755632582
2023-10-01,25,MAREEBA DENTAL CLINIC,1122,68,0.061,6.06,16,49,Cairns and Hinterland,8686,836,0.088,0.129,0.0695,0.00897140663980042218
2024-10-01,25,MAREEBA DENTAL CLINIC,1127,107,0.095,9.49,11,32,Cairns and Hinterland,9252,996,0.097,0.122,0.0679,0.00827240964209166446
2024-07-01,10,ROBINA DENTAL CLINIC,1129,243,0.215,21.52,5,14,Gold Coast,9576,1038,0.098,0.118,0.0728,0.00857746307664255759
2024-07-01,86,COLLINGWOOD PARK DENTAL C,1133,128,0.113,11.30,9,27,West Moreton,9226,985,0.096,0.123,0.0701,0.00860785267124536559
2023-04-01,25,MAREEBA DENTAL CLINIC,1136,118,0.104,10.39,10,29,Cairns and Hinterland,8481,1341,0.137,0.134,0.0731,0.00978635423845623708
2025-04-01,42,CENTRAL WEST DENTAL CLINICS,1157,103,0.089,8.90,11,34,Central West,1157,103,0.082,1.000,0.0078,0.00783280979202772964
2023-04-01,85,LAIDLEY DENTAL CLINIC,1158,85,0.073,7.34,14,41,West Moreton,7051,386,0.052,0.164,0.0607,0.00997587870434183322
2025-01-01,42,CENTRAL WEST DENTAL CLINICS,1162,171,0.147,14.72,7,20,Central West,1162,171,0.128,1.000,0.0083,0.00829022937252523811
2023-04-01,86,COLLINGWOOD PARK DENTAL C,1181,47,0.040,3.98,25,75,West Moreton,7051,386,0.052,0.167,0.0607,0.01017401791867677464
2024-04-01,30,EDMONTON DENTAL CLINIC,1188,240,0.202,20.20,5,15,Cairns and Hinterland,8619,1150,0.118,0.138,0.0658,0.00907285779746448755
2024-04-01,94,SANDGATE DENTAL CLINIC,1198,56,0.047,4.67,21,64,Metro North,16156,2722,0.144,0.074,0.1234,0.00914922865434550176
2024-04-01,86,COLLINGWOOD PARK DENTAL C,1205,39,0.032,3.24,31,94,West Moreton,9524,270,0.028,0.127,0.0727,0.00920268825416221170
2023-07-01,85,LAIDLEY DENTAL CLINIC,1227,83,0.068,6.76,15,44,West Moreton,7183,599,0.077,0.171,0.0600,0.01025062656641604010
2025-01-01,86,COLLINGWOOD PARK DENTAL C,1231,35,0.028,2.84,36,107,West Moreton,9953,312,0.030,0.124,0.0710,0.00878250633182320836
2024-07-01,30,EDMONTON DENTAL CLINIC,1233,167,0.135,13.54,7,22,Cairns and Hinterland,8548,1345,0.136,0.144,0.0649,0.00936759253631556555
2023-10-01,86,COLLINGWOOD PARK DENTAL C,1234,12,0.010,0.97,100,300,West Moreton,8461,52,0.006,0.146,0.0677,0.00986694812256124864
2024-10-01,86,COLLINGWOOD PARK DENTAL C,1234,66,0.053,5.35,19,57,West Moreton,10032,453,0.043,0.123,0.0736,0.00905781144484570892
2024-10-01,10,ROBINA DENTAL CLINIC,1239,252,0.203,20.34,5,15,Gold Coast,10069,993,0.090,0.123,0.0739,0.00909451246366599137
2024-01-01,30,EDMONTON DENTAL CLINIC,1287,215,0.167,16.71,6,18,Cairns and Hinterland,8538,1332,0.135,0.151,0.0672,0.01013489569798483309
2024-01-01,85,LAIDLEY DENTAL CLINIC,1340,76,0.057,5.67,18,53,West Moreton,7983,494,0.058,0.168,0.0629,0.01055226125508910361
2024-10-01,30,EDMONTON DENTAL CLINIC,1355,166,0.123,12.25,8,24,Cairns and Hinterland,9252,996,0.097,0.146,0.0679,0.00994597610029654423
2024-07-01,37,CAPRICORN COAST DENTAL,1356,275,0.203,20.28,5,15,Central Queensland,7970,1618,0.169,0.170,0.0606,0.01030207257035191151
2025-01-01,37,CAPRICORN COAST DENTAL,1374,223,0.162,16.23,6,19,Central Queensland,8636,1473,0.146,0.159,0.0616,0.00980273249384653801
2023-10-01,30,EDMONTON DENTAL CLINIC,1378,170,0.123,12.34,8,24,Cairns and Hinterland,8686,836,0.088,0.159,0.0695,0.01101835860039659694
2025-01-01,30,EDMONTON DENTAL CLINIC,1380,111,0.080,8.04,13,38,Cairns and Hinterland,9599,798,0.077,0.144,0.0685,0.00984553918595940499
2025-04-01,37,CAPRICORN COAST DENTAL,1396,153,0.110,10.96,9,27,Central Queensland,8532,1173,0.121,0.164,0.0578,0.00945082322357019064
2025-04-01,30,EDMONTON DENTAL CLINIC,1408,161,0.114,11.43,9,26,Cairns and Hinterland,10058,878,0.080,0.140,0.0681,0.00953206239168110919
2024-07-01,94,SANDGATE DENTAL CLINIC,1409,107,0.076,7.59,13,39,Metro North,17927,1967,0.099,0.079,0.1362,0.01070473469883911749
2023-04-01,5,NOOSA DENTAL CLINIC,1419,38,0.027,2.68,37,111,Sunshine Coast,12271,510,0.040,0.116,0.1057,0.01222432804962095107
2024-10-01,37,CAPRICORN COAST DENTAL,1422,196,0.138,13.78,7,22,Central Queensland,8593,1115,0.115,0.165,0.0631,0.01043776975248832908
2024-04-01,37,CAPRICORN COAST DENTAL,1424,302,0.212,21.21,5,14,Central Queensland,8170,1526,0.157,0.174,0.0624,0.01087521001985642279
2023-07-01,30,EDMONTON DENTAL CLINIC,1425,167,0.117,11.72,9,26,Cairns and Hinterland,8338,1189,0.125,0.171,0.0697,0.01190476190476190476
2023-10-01,85,LAIDLEY DENTAL CLINIC,1429,7,0.005,0.49,200,600,West Moreton,8461,52,0.006,0.169,0.0677,0.01142614981129661613
2023-07-01,5,NOOSA DENTAL CLINIC,1429,163,0.114,11.41,9,26,Sunshine Coast,11469,1514,0.117,0.125,0.0958,0.01193817878028404344
2023-04-01,93,PINE RIVERS DENTAL CLINIC,1431,33,0.023,2.31,43,130,Metro North,12311,4473,0.267,0.116,0.1061,0.01232770503101309442
2024-10-01,5,NOOSA DENTAL CLINIC,1434,251,0.175,17.50,6,17,Sunshine Coast,11360,1564,0.121,0.126,0.0834,0.01052585219765700696
2025-01-01,10,ROBINA DENTAL CLINIC,1446,189,0.131,13.07,8,23,Gold Coast,10387,973,0.086,0.139,0.0741,0.01031641279920094175
2025-04-01,10,ROBINA DENTAL CLINIC,1446,133,0.092,9.20,11,33,Gold Coast,9652,1429,0.129,0.150,0.0653,0.00978931975736568458
2025-04-01,86,COLLINGWOOD PARK DENTAL C,1449,79,0.055,5.45,18,55,West Moreton,11456,456,0.038,0.126,0.0776,0.00980962954939341421
2024-07-01,85,LAIDLEY DENTAL CLINIC,1457,181,0.124,12.42,8,24,West Moreton,9226,985,0.096,0.158,0.0701,0.01106940983407281347
2023-04-01,89,STAFFORD DENTAL CLINIC,1467,4112,2.803,280.30,0,1,Metro North,12311,4473,0.267,0.119,0.1061,0.01263783597518952447
2023-10-01,5,NOOSA DENTAL CLINIC,1477,164,0.111,11.10,9,27,Sunshine Coast,11800,1325,0.101,0.125,0.0944,0.01180995330390839890
2023-07-01,37,CAPRICORN COAST DENTAL,1478,253,0.171,17.12,6,18,Central Queensland,8093,1462,0.153,0.183,0.0676,0.01234753550543024227
2023-10-01,37,CAPRICORN COAST DENTAL,1521,138,0.091,9.07,11,33,Central Queensland,8397,1014,0.108,0.181,0.0671,0.01216177317213586644
2024-01-01,5,NOOSA DENTAL CLINIC,1529,109,0.071,7.13,14,42,Sunshine Coast,11828,1011,0.079,0.129,0.0931,0.01204060258136659658
2023-04-01,30,EDMONTON DENTAL CLINIC,1530,216,0.141,14.12,7,21,Cairns and Hinterland,8481,1341,0.137,0.180,0.0731,0.01318056512749827705
2023-04-01,37,CAPRICORN COAST DENTAL,1552,233,0.150,15.01,7,20,Central Queensland,8391,1401,0.143,0.185,0.0723,0.01337008959338387319
2024-04-01,85,LAIDLEY DENTAL CLINIC,1564,41,0.026,2.62,38,115,West Moreton,9524,270,0.028,0.164,0.0727,0.01194440201619062166
2025-01-01,85,LAIDLEY DENTAL CLINIC,1565,56,0.036,3.58,28,83,West Moreton,9953,312,0.030,0.157,0.0710,0.01116541219277280348
2024-10-01,94,SANDGATE DENTAL CLINIC,1570,74,0.047,4.71,21,64,Metro North,20168,477,0.023,0.078,0.1480,0.01152411990956868963
2024-10-01,85,LAIDLEY DENTAL CLINIC,1602,77,0.048,4.81,21,62,West Moreton,10032,453,0.043,0.160,0.0736,0.01175900643001849731
2025-01-01,5,NOOSA DENTAL CLINIC,1624,98,0.060,6.03,17,50,Sunshine Coast,11709,1080,0.084,0.139,0.0835,0.01158634466521599543
2025-04-01,5,NOOSA DENTAL CLINIC,1625,96,0.059,5.91,17,51,Sunshine Coast,12104,786,0.061,0.134,0.0819,0.01100113734835355286
2024-10-01,4,NAMBOUR DENTAL CLINIC,1642,268,0.163,16.32,6,18,Sunshine Coast,11360,1564,0.121,0.145,0.0834,0.01205261458058075692
2024-07-01,5,NOOSA DENTAL CLINIC,1677,137,0.082,8.17,12,37,Sunshine Coast,12339,1166,0.086,0.136,0.0937,0.01274083753722725339
2024-01-01,37,CAPRICORN COAST DENTAL,1695,59,0.035,3.48,29,86,Central Queensland,8319,1410,0.145,0.204,0.0655,0.01334782300550450046
2024-04-01,5,NOOSA DENTAL CLINIC,1702,58,0.034,3.41,29,88,Sunshine Coast,12971,530,0.039,0.131,0.0991,0.01299831984114861769
2025-01-01,94,SANDGATE DENTAL CLINIC,1752,84,0.048,4.79,21,62,Metro North,21169,811,0.037,0.083,0.1510,0.01249955409695715764
2023-07-01,89,STAFFORD DENTAL CLINIC,1755,1055,0.601,60.11,2,5,Metro North,13401,1751,0.116,0.131,0.1120,0.01466165413533834586
2025-01-01,4,NAMBOUR DENTAL CLINIC,1770,76,0.043,4.29,23,70,Sunshine Coast,11709,1080,0.084,0.151,0.0835,0.01262797417329575857
2023-07-01,93,PINE RIVERS DENTAL CLINIC,1772,13,0.007,0.73,143,429,Metro North,13401,1751,0.116,0.132,0.1120,0.01480367585630743525
2025-04-01,4,NAMBOUR DENTAL CLINIC,1774,122,0.069,6.88,14,43,Sunshine Coast,12104,786,0.061,0.147,0.0819,0.01200985701906412478
2023-07-01,4,NAMBOUR DENTAL CLINIC,1800,229,0.127,12.72,8,24,Sunshine Coast,11469,1514,0.117,0.157,0.0958,0.01503759398496240602
2025-04-01,94,SANDGATE DENTAL CLINIC,1812,178,0.098,9.82,10,31,Metro North,22727,2084,0.084,0.080,0.1539,0.01226711438474870017
2024-01-01,4,NAMBOUR DENTAL CLINIC,1813,146,0.081,8.05,12,37,Sunshine Coast,11828,1011,0.079,0.153,0.0931,0.01427705198169891406
2023-10-01,4,NAMBOUR DENTAL CLINIC,1814,214,0.118,11.80,8,25,Sunshine Coast,11800,1325,0.101,0.154,0.0944,0.01450457365828695708
2025-04-01,85,LAIDLEY DENTAL CLINIC,1832,70,0.038,3.82,26,79,West Moreton,11456,456,0.038,0.160,0.0776,0.01240251299826689775
2024-07-01,4,NAMBOUR DENTAL CLINIC,1848,200,0.108,10.82,9,28,Sunshine Coast,12339,1166,0.086,0.150,0.0937,0.01403999270649729533
2023-10-01,89,STAFFORD DENTAL CLINIC,1865,1031,0.553,55.28,2,5,Metro North,14553,1649,0.102,0.128,0.1164,0.01491236486918697627
2024-04-01,4,NAMBOUR DENTAL CLINIC,1945,55,0.028,2.83,36,107,Sunshine Coast,12971,530,0.039,0.150,0.0991,0.01485413166335726287
2024-01-01,33,GLADSTONE DENTAL CLINIC,1977,433,0.219,21.90,5,14,Central Queensland,8319,1410,0.145,0.238,0.0655,0.01556852276217250585
2023-04-01,4,NAMBOUR DENTAL CLINIC,1987,72,0.036,3.62,28,83,Sunshine Coast,12271,510,0.040,0.162,0.1057,0.01711750516884906961
2024-01-01,45,KINGAROY DENTAL CLINIC,2004,459,0.229,22.90,4,13,Darling Downs,9276,1096,0.106,0.216,0.0730,0.01578114295164071913
2023-04-01,33,GLADSTONE DENTAL CLINIC,2008,230,0.115,11.45,9,26,Central Queensland,8391,1401,0.143,0.239,0.0723,0.01729841488628532047
2024-01-01,89,STAFFORD DENTAL CLINIC,2029,1173,0.578,57.81,2,5,Metro North,14865,1821,0.109,0.136,0.1171,0.01597801349744462032
2023-10-01,171,KALLANGUR SATELLITE CLINI,2032,0,0.000,0.00,NULL,NULL,Metro North,14553,1649,0.102,0.140,0.1164,0.01624768118723213715
2024-04-01,33,GLADSTONE DENTAL CLINIC,2036,306,0.150,15.03,7,20,Central Queensland,8170,1526,0.157,0.249,0.0624,0.01554910646097449213
2023-04-01,6,REDCLIFFE DENTAL CLINIC,2044,38,0.019,1.86,53,158,Metro North,12311,4473,0.267,0.166,0.1061,0.01760854583046175052
2024-07-01,33,GLADSTONE DENTAL CLINIC,2088,214,0.102,10.25,10,29,Central Queensland,7970,1618,0.169,0.262,0.0606,0.01586336838266577524
2024-04-01,45,KINGAROY DENTAL CLINIC,2131,314,0.147,14.73,7,20,Darling Downs,10106,717,0.066,0.211,0.0772,0.01627462960134412708
2023-07-01,33,GLADSTONE DENTAL CLINIC,2133,230,0.108,10.78,9,28,Central Queensland,8093,1462,0.153,0.264,0.0676,0.01781954887218045113
2023-07-01,45,KINGAROY DENTAL CLINIC,2142,359,0.168,16.76,6,18,Darling Downs,9194,1044,0.102,0.233,0.0768,0.01789473684210526316
2024-04-01,89,STAFFORD DENTAL CLINIC,2149,2156,1.003,100.33,1,3,Metro North,16156,2722,0.144,0.133,0.1234,0.01641209714372995265
2024-01-01,171,KALLANGUR SATELLITE CLINI,2149,17,0.008,0.79,125,375,Metro North,14865,1821,0.109,0.145,0.1171,0.01692299211730334601
2023-04-01,47,MARYBOROUGH DENTAL CLINIC,2162,223,0.103,10.31,10,29,Wide Bay,10529,726,0.065,0.205,0.0907,0.01862508614748449345
2023-07-01,6,REDCLIFFE DENTAL CLINIC,2189,11,0.005,0.50,200,600,Metro North,13401,1751,0.116,0.163,0.1120,0.01828738512949039265
2023-04-01,45,KINGAROY DENTAL CLINIC,2200,295,0.134,13.41,7,22,Darling Downs,9114,1073,0.105,0.241,0.0785,0.01895244658855961406
2023-10-01,33,GLADSTONE DENTAL CLINIC,2213,181,0.082,8.18,12,37,Central Queensland,8397,1014,0.108,0.264,0.0671,0.01769494019062240133
2023-07-01,47,MARYBOROUGH DENTAL CLINIC,2229,212,0.095,9.51,11,32,Wide Bay,10631,960,0.083,0.210,0.0888,0.01862155388471177945
2024-07-01,45,KINGAROY DENTAL CLINIC,2231,220,0.099,9.86,10,30,Darling Downs,10190,938,0.084,0.219,0.0774,0.01694979638971616119
2025-01-01,3,GYMPIE DENTAL CLINIC,2242,227,0.101,10.12,10,30,Sunshine Coast,11709,1080,0.084,0.191,0.0835,0.01599543395284129419
2024-10-01,33,GLADSTONE DENTAL CLINIC,2256,185,0.082,8.20,12,37,Central Queensland,8593,1115,0.115,0.263,0.0631,0.01655949969171144191
2023-10-01,20,TOWNSVILLE DENTAL CLINIC,2263,410,0.181,18.12,6,17,Townsville,3082,507,0.141,0.734,0.0246,0.01809473549542634171
2023-10-01,45,KINGAROY DENTAL CLINIC,2263,319,0.141,14.10,7,21,Darling Downs,9685,881,0.083,0.234,0.0774,0.01809473549542634171
2023-04-01,20,TOWNSVILLE DENTAL CLINIC,2271,247,0.109,10.88,9,28,Townsville,2930,305,0.094,0.775,0.0252,0.01956409372846312888
2024-10-01,3,GYMPIE DENTAL CLINIC,2281,291,0.128,12.76,8,23,Sunshine Coast,11360,1564,0.121,0.201,0.0834,0.01674300478581285416
2024-04-01,171,KALLANGUR SATELLITE CLINI,2321,33,0.014,1.42,71,214,Metro North,16156,2722,0.144,0.144,0.1234,0.01772567588208339698
2025-01-01,45,KINGAROY DENTAL CLINIC,2327,143,0.061,6.15,16,49,Darling Downs,10346,597,0.055,0.225,0.0738,0.01660186209110690971
2023-07-01,20,TOWNSVILLE DENTAL CLINIC,2333,267,0.114,11.44,9,26,Townsville,3126,334,0.097,0.746,0.0261,0.01949039264828738513
2023-07-01,3,GYMPIE DENTAL CLINIC,2334,313,0.134,13.41,7,22,Sunshine Coast,11469,1514,0.117,0.204,0.0958,0.01949874686716791980
2024-01-01,6,REDCLIFFE DENTAL CLINIC,2346,13,0.006,0.55,167,500,Metro North,14865,1821,0.109,0.158,0.1171,0.01847433201823808736
2025-04-01,3,GYMPIE DENTAL CLINIC,2360,169,0.072,7.16,14,42,Sunshine Coast,12104,786,0.061,0.195,0.0819,0.01597703639514731369
2024-10-01,45,KINGAROY DENTAL CLINIC,2362,80,0.034,3.39,29,88,Darling Downs,10084,757,0.070,0.234,0.0740,0.01733756129070142987
2024-01-01,3,GYMPIE DENTAL CLINIC,2365,216,0.091,9.13,11,33,Sunshine Coast,11828,1011,0.079,0.200,0.0931,0.01862395363304905227
2024-07-01,47,MARYBOROUGH DENTAL CLINIC,2372,382,0.161,16.10,6,19,Wide Bay,10803,1769,0.141,0.220,0.0821,0.01802102959946514313
2025-01-01,33,GLADSTONE DENTAL CLINIC,2395,140,0.058,5.85,17,52,Central Queensland,8636,1473,0.146,0.277,0.0616,0.01708700460171940213
2023-10-01,3,GYMPIE DENTAL CLINIC,2415,246,0.102,10.19,10,29,Sunshine Coast,11800,1325,0.101,0.205,0.0944,0.01931011322203032048
2025-04-01,45,KINGAROY DENTAL CLINIC,2416,92,0.038,3.81,26,79,Darling Downs,10662,633,0.056,0.227,0.0722,0.01635615251299826690
2024-07-01,3,GYMPIE DENTAL CLINIC,2425,200,0.082,8.25,12,37,Sunshine Coast,12339,1166,0.086,0.197,0.0937,0.01842369172795234912
2023-10-01,47,MARYBOROUGH DENTAL CLINIC,2433,116,0.048,4.77,21,62,Wide Bay,11135,889,0.074,0.219,0.0890,0.01945403953175973901
2023-04-01,3,GYMPIE DENTAL CLINIC,2439,116,0.048,4.76,21,62,Sunshine Coast,12271,510,0.040,0.199,0.1057,0.02101137146795313577
2023-10-01,6,REDCLIFFE DENTAL CLINIC,2439,14,0.006,0.57,167,500,Metro North,14553,1649,0.102,0.168,0.1164,0.01950201496833621186
2024-07-01,89,STAFFORD DENTAL CLINIC,2466,730,0.296,29.60,3,10,Metro North,17927,1967,0.099,0.138,0.1362,0.01873518507263113110
2024-01-01,20,TOWNSVILLE DENTAL CLINIC,2467,198,0.080,8.03,13,38,Townsville,3219,344,0.097,0.766,0.0253,0.01942718545992896911
2023-04-01,26,CAIRNS NTH DENTAL CLINIC,2472,391,0.158,15.82,6,19,Cairns and Hinterland,8481,1341,0.137,0.291,0.0731,0.02129565816678152998
2025-01-01,47,MARYBOROUGH DENTAL CLINIC,2503,341,0.136,13.62,7,22,Wide Bay,11636,1093,0.086,0.215,0.0830,0.01785752505975100774
2025-04-01,47,MARYBOROUGH DENTAL CLINIC,2511,250,0.100,9.96,10,30,Wide Bay,11693,1082,0.085,0.215,0.0792,0.01699929592720970537
2025-04-01,33,GLADSTONE DENTAL CLINIC,2523,107,0.042,4.24,24,71,Central Queensland,8532,1173,0.121,0.296,0.0578,0.01708053509532062392
2024-07-01,20,TOWNSVILLE DENTAL CLINIC,2538,306,0.121,12.06,8,25,Townsville,3354,404,0.108,0.757,0.0255,0.01928219777548167507
2024-04-01,20,TOWNSVILLE DENTAL CLINIC,2556,242,0.095,9.47,11,32,Townsville,3405,352,0.094,0.751,0.0260,0.01952039101878723079
2024-04-01,6,REDCLIFFE DENTAL CLINIC,2563,16,0.006,0.62,167,500,Metro North,16156,2722,0.144,0.159,0.1234,0.01957385061860394074
2024-04-01,3,GYMPIE DENTAL CLINIC,2570,146,0.057,5.68,18,53,Sunshine Coast,12971,530,0.039,0.198,0.0991,0.01962731021842065068
2025-01-01,20,TOWNSVILLE DENTAL CLINIC,2602,395,0.152,15.18,7,20,Townsville,3477,461,0.117,0.748,0.0248,0.01856383547961331288
2023-07-01,26,CAIRNS NTH DENTAL CLINIC,2602,232,0.089,8.92,11,34,Cairns and Hinterland,8338,1189,0.125,0.312,0.0697,0.02173767752715121136
2024-10-01,20,TOWNSVILLE DENTAL CLINIC,2618,205,0.078,7.83,13,38,Townsville,3457,329,0.087,0.757,0.0254,0.01921665345429989136
2024-10-01,47,MARYBOROUGH DENTAL CLINIC,2621,139,0.053,5.30,19,57,Wide Bay,11732,773,0.062,0.223,0.0861,0.01923867406559206084
2024-07-01,171,KALLANGUR SATELLITE CLINI,2627,15,0.006,0.57,167,500,Metro North,17927,1967,0.099,0.147,0.1362,0.01995836625539415304
2024-07-01,26,CAIRNS NTH DENTAL CLINIC,2632,418,0.159,15.88,6,19,Cairns and Hinterland,8548,1345,0.136,0.308,0.0649,0.01999635324864766304
2024-01-01,47,MARYBOROUGH DENTAL CLINIC,2651,119,0.045,4.49,22,67,Wide Bay,11174,1270,0.102,0.237,0.0880,0.02087615267704568184
2024-04-01,47,MARYBOROUGH DENTAL CLINIC,2703,75,0.028,2.77,36,107,Wide Bay,11501,966,0.077,0.235,0.0878,0.02064304261493813961
2024-10-01,26,CAIRNS NTH DENTAL CLINIC,2722,357,0.131,13.12,8,23,Cairns and Hinterland,9252,996,0.097,0.294,0.0679,0.01998003464576176635
2024-01-01,26,CAIRNS NTH DENTAL CLINIC,2738,340,0.124,12.42,8,24,Cairns and Hinterland,8538,1332,0.135,0.321,0.0672,0.02156126217644325797
2024-10-01,1,KAWANA DENTAL CLINIC,2768,371,0.134,13.40,7,22,Sunshine Coast,11360,1564,0.121,0.244,0.0834,0.02031768401890836490
2024-04-01,26,CAIRNS NTH DENTAL CLINIC,2771,302,0.109,10.90,9,28,Cairns and Hinterland,8619,1150,0.118,0.321,0.0658,0.02116236444172903620
2023-07-01,1,KAWANA DENTAL CLINIC,2774,339,0.122,12.22,8,25,Sunshine Coast,11469,1514,0.117,0.242,0.0958,0.02317460317460317460
2023-10-01,26,CAIRNS NTH DENTAL CLINIC,2784,224,0.080,8.05,13,38,Cairns and Hinterland,8686,836,0.088,0.321,0.0695,0.02226060257148340050
2024-10-01,89,STAFFORD DENTAL CLINIC,2785,117,0.042,4.20,24,71,Metro North,20168,477,0.023,0.138,0.1480,0.02044246748289732523
2023-10-01,1,KAWANA DENTAL CLINIC,2821,347,0.123,12.30,8,24,Sunshine Coast,11800,1325,0.101,0.239,0.0944,0.02255645109703831638
2025-04-01,20,TOWNSVILLE DENTAL CLINIC,2835,186,0.066,6.56,15,45,Townsville,3712,305,0.076,0.764,0.0251,0.01919275346620450607
2025-01-01,1,KAWANA DENTAL CLINIC,2875,309,0.107,10.75,9,28,Sunshine Coast,11709,1080,0.084,0.246,0.0835,0.02051153997074876039
2024-01-01,1,KAWANA DENTAL CLINIC,2878,246,0.085,8.55,12,35,Sunshine Coast,11828,1011,0.079,0.243,0.0931,0.02266373723294510462
2025-04-01,1,KAWANA DENTAL CLINIC,2919,196,0.067,6.71,15,45,Sunshine Coast,12104,786,0.061,0.241,0.0819,0.01976142764298093588
2025-01-01,89,STAFFORD DENTAL CLINIC,2931,43,0.015,1.47,67,200,Metro North,21169,811,0.037,0.138,0.1510,0.02091106909713551885
2024-07-01,1,KAWANA DENTAL CLINIC,2935,257,0.088,8.76,11,34,Sunshine Coast,12339,1166,0.086,0.238,0.0937,0.02229836503981036893
2024-07-01,6,REDCLIFFE DENTAL CLINIC,2958,9,0.003,0.30,333,1000,Metro North,17927,1967,0.099,0.165,0.1362,0.02247310520877651492
2024-10-01,171,KALLANGUR SATELLITE CLINI,2994,12,0.004,0.40,250,750,Metro North,20168,477,0.023,0.148,0.1480,0.02197657006958513168
2025-01-01,26,CAIRNS NTH DENTAL CLINIC,3026,160,0.053,5.29,19,57,Cairns and Hinterland,9599,798,0.077,0.315,0.0685,0.02158884172225591267
2023-04-01,7,CABOOLTURE DENTAL CLINIC,3039,48,0.016,1.58,63,188,Metro North,12311,4473,0.267,0.247,0.1061,0.02618022053756030324
2023-04-01,1,KAWANA DENTAL CLINIC,3057,164,0.054,5.36,19,56,Sunshine Coast,12271,510,0.040,0.249,0.1057,0.02633528600964851826
2023-07-01,88,ORAL HEALTH CENTRE,3057,629,0.206,20.58,5,15,Metro North,13401,1751,0.116,0.228,0.1120,0.02553884711779448622
2023-07-01,2,CALOUNDRA DENTAL CLINIC,3132,469,0.150,14.97,7,20,Sunshine Coast,11469,1514,0.117,0.273,0.0958,0.02616541353383458647
2024-04-01,1,KAWANA DENTAL CLINIC,3161,121,0.038,3.83,26,79,Sunshine Coast,12971,530,0.039,0.244,0.0991,0.02414082786008859019
2025-04-01,89,STAFFORD DENTAL CLINIC,3169,193,0.061,6.09,16,49,Metro North,22727,2084,0.084,0.139,0.1539,0.02145391031195840555
2025-01-01,2,CALOUNDRA DENTAL CLINIC,3198,369,0.115,11.54,9,26,Sunshine Coast,11709,1080,0.084,0.273,0.0835,0.02281596689615809938
2024-10-01,6,REDCLIFFE DENTAL CLINIC,3202,5,0.002,0.16,500,1500,Metro North,20168,477,0.023,0.159,0.1480,0.02350333245250888165
2023-04-01,152,MS INNER BRISBANE CLUSTER,3219,663,0.206,20.60,5,15,Metro South,25377,4168,0.141,0.127,0.2186,0.02773087525844245348
2024-10-01,2,CALOUNDRA DENTAL CLINIC,3235,383,0.118,11.84,8,25,Sunshine Coast,11360,1564,0.121,0.285,0.0834,0.02374555917672274582
2024-01-01,2,CALOUNDRA DENTAL CLINIC,3243,293,0.090,9.03,11,33,Sunshine Coast,11828,1011,0.079,0.274,0.0931,0.02553804720168206194
2025-01-01,171,KALLANGUR SATELLITE CLINI,3259,7,0.002,0.21,500,1500,Metro North,21169,811,0.037,0.154,0.1510,0.02325116826597224699
2023-10-01,2,CALOUNDRA DENTAL CLINIC,3273,353,0.108,10.79,9,28,Sunshine Coast,11800,1325,0.101,0.277,0.0944,0.02617060065246593744
2024-07-01,88,ORAL HEALTH CENTRE,3310,1060,0.320,32.02,3,9,Metro North,17927,1967,0.099,0.185,0.1362,0.02514738953382361879
2025-04-01,26,CAIRNS NTH DENTAL CLINIC,3363,105,0.031,3.12,32,97,Cairns and Hinterland,10058,878,0.080,0.334,0.0681,0.02276727686308492201
2023-04-01,2,CALOUNDRA DENTAL CLINIC,3369,120,0.036,3.56,28,83,Sunshine Coast,12271,510,0.040,0.275,0.1057,0.02902308752584424535
2023-10-01,88,ORAL HEALTH CENTRE,3372,555,0.165,16.46,6,18,Metro North,14553,1649,0.102,0.232,0.1164,0.02696219535597773940
2024-01-01,88,ORAL HEALTH CENTRE,3402,492,0.145,14.46,7,21,Metro North,14865,1821,0.109,0.229,0.1171,0.02679014387299487349
2025-01-01,6,REDCLIFFE DENTAL CLINIC,3416,9,0.003,0.26,333,1000,Metro North,21169,811,0.037,0.161,0.1510,0.02437127670959226626
2025-04-01,2,CALOUNDRA DENTAL CLINIC,3426,202,0.059,5.90,17,51,Sunshine Coast,12104,786,0.061,0.283,0.0819,0.02319378249566724437
2023-04-01,88,ORAL HEALTH CENTRE,3434,220,0.064,6.41,16,47,Metro North,12311,4473,0.267,0.279,0.1061,0.02958304617505168849
2024-07-01,2,CALOUNDRA DENTAL CLINIC,3454,372,0.108,10.77,9,28,Sunshine Coast,12339,1166,0.086,0.280,0.0937,0.02624141493952470674
2025-04-01,171,KALLANGUR SATELLITE CLINI,3457,236,0.068,6.83,15,44,Metro North,22727,2084,0.084,0.152,0.1539,0.02340365034662045061
2024-04-01,88,ORAL HEALTH CENTRE,3457,436,0.126,12.61,8,24,Metro North,16156,2722,0.144,0.214,0.1234,0.02640140522376661066
2025-01-01,88,ORAL HEALTH CENTRE,3469,659,0.190,19.00,5,16,Metro North,21169,811,0.037,0.164,0.1510,0.02474940248992259123
2023-07-01,51,BUNDABERG DENTAL CLINIC,3534,394,0.111,11.15,9,27,Wide Bay,10631,960,0.083,0.332,0.0888,0.02952380952380952381
2023-07-01,32,ROCKHAMPTON DENTAL CLINIC,3543,813,0.229,22.95,4,13,Central Queensland,8093,1462,0.153,0.438,0.0676,0.02959899749373433584
2023-07-01,7,CABOOLTURE DENTAL CLINIC,3565,21,0.006,0.59,167,500,Metro North,13401,1751,0.116,0.266,0.1120,0.02978279030910609858
2024-07-01,32,ROCKHAMPTON DENTAL CLINIC,3569,870,0.244,24.38,4,12,Central Queensland,7970,1618,0.169,0.448,0.0606,0.02711511578435543670
2024-01-01,32,ROCKHAMPTON DENTAL CLINIC,3592,793,0.221,22.08,5,14,Central Queensland,8319,1410,0.145,0.432,0.0655,0.02828636002110452251
2024-04-01,2,CALOUNDRA DENTAL CLINIC,3593,150,0.042,4.17,24,71,Sunshine Coast,12971,530,0.039,0.277,0.0991,0.02744004887734840385
2025-04-01,6,REDCLIFFE DENTAL CLINIC,3607,296,0.082,8.21,12,37,Metro North,22727,2084,0.084,0.159,0.1539,0.02441913994800693241
2023-10-01,32,ROCKHAMPTON DENTAL CLINIC,3623,614,0.169,16.95,6,18,Central Queensland,8397,1014,0.108,0.431,0.0671,0.02896916778609352012
2023-04-01,51,BUNDABERG DENTAL CLINIC,3646,147,0.040,4.03,25,75,Wide Bay,10529,726,0.065,0.346,0.0907,0.03140937284631288766
2024-04-01,32,ROCKHAMPTON DENTAL CLINIC,3649,772,0.212,21.16,5,14,Central Queensland,8170,1526,0.157,0.447,0.0624,0.02786772567588208340
2025-01-01,51,BUNDABERG DENTAL CLINIC,3650,408,0.112,11.18,9,27,Wide Bay,11636,1093,0.086,0.314,0.0830,0.02604073770199407841
2025-04-01,32,ROCKHAMPTON DENTAL CLINIC,3685,706,0.192,19.16,5,16,Central Queensland,8532,1173,0.121,0.432,0.0578,0.02494719454072790295
2024-07-01,51,BUNDABERG DENTAL CLINIC,3691,468,0.127,12.68,8,24,Wide Bay,10803,1769,0.141,0.342,0.0821,0.02804199841974108065
2023-10-01,51,BUNDABERG DENTAL CLINIC,3724,340,0.091,9.13,11,33,Wide Bay,11135,889,0.074,0.334,0.0890,0.02977675430179747969
2023-10-01,7,CABOOLTURE DENTAL CLINIC,3748,17,0.005,0.45,200,600,Metro North,14553,1649,0.102,0.258,0.1164,0.02996865604810337107
2025-04-01,51,BUNDABERG DENTAL CLINIC,3775,256,0.068,6.78,15,44,Wide Bay,11693,1082,0.085,0.323,0.0792,0.02555648830155979203
2024-10-01,88,ORAL HEALTH CENTRE,3791,256,0.068,6.75,15,44,Metro North,20168,477,0.023,0.188,0.1480,0.02782671246953815438
2025-04-01,88,ORAL HEALTH CENTRE,3822,632,0.165,16.54,6,18,Metro North,22727,2084,0.084,0.168,0.1539,0.02587467504332755633
2024-10-01,51,BUNDABERG DENTAL CLINIC,3830,232,0.061,6.06,16,49,Wide Bay,11732,773,0.062,0.326,0.0861,0.02811298041633635750
2024-01-01,44,HERVEY BAY DENTAL CLINIC,3835,850,0.222,22.16,5,14,Wide Bay,11174,1270,0.102,0.343,0.0880,0.03019994172631844205
2024-01-01,7,CABOOLTURE DENTAL CLINIC,3884,90,0.023,2.32,43,130,Metro North,14865,1821,0.109,0.261,0.1171,0.03058580799609408837
2024-10-01,32,ROCKHAMPTON DENTAL CLINIC,3902,590,0.151,15.12,7,20,Central Queensland,8593,1115,0.115,0.454,0.0631,0.02864147508734842479
2023-04-01,156,KINGSTON LOGAN CLUSTER,3911,596,0.152,15.24,7,20,Metro South,25377,4168,0.141,0.154,0.2186,0.03369228118538938663
2025-01-01,32,ROCKHAMPTON DENTAL CLINIC,3920,860,0.219,21.94,5,14,Central Queensland,8636,1473,0.146,0.454,0.0616,0.02796703884707309243
2023-04-01,32,ROCKHAMPTON DENTAL CLINIC,3929,736,0.187,18.73,5,16,Central Queensland,8391,1401,0.143,0.468,0.0723,0.03384734665747760165
2024-07-01,44,HERVEY BAY DENTAL CLINIC,3936,806,0.205,20.48,5,15,Wide Bay,10803,1769,0.141,0.364,0.0821,0.02990336108916307056
2024-01-01,51,BUNDABERG DENTAL CLINIC,3936,197,0.050,5.01,20,60,Wide Bay,11174,1270,0.102,0.352,0.0880,0.03099529873136620284
2024-04-01,51,BUNDABERG DENTAL CLINIC,3956,240,0.061,6.07,16,49,Wide Bay,11501,966,0.077,0.344,0.0878,0.03021231098212921949
2023-04-01,44,HERVEY BAY DENTAL CLINIC,3969,240,0.060,6.05,17,50,Wide Bay,10529,726,0.065,0.377,0.0907,0.03419193659545141282
2023-04-01,54,TOOWOOMBA DENTAL CLINIC,3981,354,0.089,8.89,11,34,Darling Downs,9114,1073,0.105,0.437,0.0785,0.03429531357684355617
2024-04-01,44,HERVEY BAY DENTAL CLINIC,4054,565,0.139,13.94,7,22,Wide Bay,11501,966,0.077,0.352,0.0878,0.03096074537956315870
2023-04-01,87,IPSWICH DENTAL CLINIC,4111,220,0.054,5.35,19,56,West Moreton,7051,386,0.052,0.583,0.0607,0.03541523087525844245
2023-07-01,44,HERVEY BAY DENTAL CLINIC,4131,262,0.063,6.34,16,48,Wide Bay,10631,960,0.083,0.389,0.0888,0.03451127819548872180
2023-07-01,152,MS INNER BRISBANE CLUSTER,4140,450,0.109,10.87,9,28,Metro South,29987,2873,0.087,0.138,0.2505,0.03458646616541353383
2023-07-01,54,TOOWOOMBA DENTAL CLINIC,4148,321,0.077,7.74,13,39,Darling Downs,9194,1044,0.102,0.451,0.0768,0.03465329991645781119
2023-10-01,44,HERVEY BAY DENTAL CLINIC,4203,328,0.078,7.80,13,38,Wide Bay,11135,889,0.074,0.377,0.0890,0.03360679332181922855
2024-01-01,54,TOOWOOMBA DENTAL CLINIC,4298,330,0.077,7.68,13,39,Darling Downs,9276,1096,0.106,0.463,0.0730,0.03384598423460669202
2023-10-01,152,MS INNER BRISBANE CLUSTER,4309,262,0.061,6.08,16,49,Metro South,29850,2055,0.064,0.144,0.2387,0.03445435936800358217
2023-07-01,87,IPSWICH DENTAL CLINIC,4311,386,0.090,8.95,11,33,West Moreton,7183,599,0.077,0.600,0.0600,0.03601503759398496241
2023-10-01,54,TOOWOOMBA DENTAL CLINIC,4312,277,0.064,6.42,16,47,Darling Downs,9685,881,0.083,0.445,0.0774,0.03447834708629181859
2024-10-01,44,HERVEY BAY DENTAL CLINIC,4468,295,0.066,6.60,15,45,Wide Bay,11732,773,0.062,0.381,0.0861,0.03279603041780439825
2024-04-01,7,CABOOLTURE DENTAL CLINIC,4468,11,0.002,0.25,500,1500,Metro North,16156,2722,0.144,0.277,0.1234,0.03412249885443714678
2025-01-01,39,MACKAY DENTAL CLINIC,4512,785,0.174,17.40,6,17,Mackay,6506,1381,0.175,0.694,0.0464,0.03219063246887596761
2025-04-01,44,HERVEY BAY DENTAL CLINIC,4560,482,0.106,10.57,9,28,Wide Bay,11693,1082,0.085,0.390,0.0792,0.03087088388214904679
2024-07-01,39,MACKAY DENTAL CLINIC,4593,1775,0.386,38.65,3,8,Mackay,6286,2554,0.289,0.731,0.0478,0.03489485200267428433
2024-10-01,54,TOOWOOMBA DENTAL CLINIC,4637,292,0.063,6.30,16,48,Darling Downs,10084,757,0.070,0.460,0.0740,0.03403652485392994510
2024-04-01,152,MS INNER BRISBANE CLUSTER,4645,593,0.128,12.77,8,23,Metro South,30747,2556,0.077,0.151,0.2348,0.03547426302123109821
2025-01-01,44,HERVEY BAY DENTAL CLINIC,4662,259,0.056,5.56,18,54,Wide Bay,11636,1093,0.086,0.401,0.0830,0.03326079977169764206
2025-04-01,39,MACKAY DENTAL CLINIC,4677,392,0.084,8.38,12,36,Mackay,6771,622,0.084,0.691,0.0458,0.03166296577123050260
2024-04-01,54,TOOWOOMBA DENTAL CLINIC,4700,217,0.046,4.62,22,65,Darling Downs,10106,717,0.066,0.465,0.0772,0.03589430273407667634
2024-01-01,152,MS INNER BRISBANE CLUSTER,4706,522,0.111,11.09,9,27,Metro South,32274,2919,0.083,0.146,0.2542,0.03705891154212635939
2024-07-01,54,TOOWOOMBA DENTAL CLINIC,4715,381,0.081,8.08,12,37,Darling Downs,10190,938,0.084,0.463,0.0774,0.03582173463805992828
2023-07-01,39,MACKAY DENTAL CLINIC,4780,498,0.104,10.42,10,29,Mackay,6426,1128,0.149,0.744,0.0537,0.03993316624895572264
2025-04-01,54,TOOWOOMBA DENTAL CLINIC,4864,301,0.062,6.19,16,48,Darling Downs,10662,633,0.056,0.456,0.0722,0.03292894280762564991
2025-01-01,54,TOOWOOMBA DENTAL CLINIC,4867,211,0.043,4.34,23,70,Darling Downs,10346,597,0.055,0.470,0.0738,0.03472336175222059715
2023-04-01,39,MACKAY DENTAL CLINIC,4870,457,0.094,9.38,11,32,Mackay,6612,1059,0.138,0.737,0.0570,0.04195382494831150930
2023-04-01,154,NATHAN INALA CLUSTER,4875,825,0.169,16.92,6,18,Metro South,25377,4168,0.141,0.192,0.2186,0.04199689869055823570
2024-10-01,152,MS INNER BRISBANE CLUSTER,4906,519,0.106,10.58,9,28,Metro South,31074,3200,0.093,0.158,0.2281,0.03601103966646114096
2024-01-01,39,MACKAY DENTAL CLINIC,4925,672,0.136,13.64,7,22,Mackay,6877,1117,0.140,0.716,0.0542,0.03878349752336853379
2023-07-01,156,KINGSTON LOGAN CLUSTER,4952,408,0.082,8.24,12,37,Metro South,29987,2873,0.087,0.165,0.2505,0.04137009189640768588
2024-10-01,39,MACKAY DENTAL CLINIC,4977,946,0.190,19.01,5,16,Mackay,6990,1209,0.147,0.712,0.0513,0.03653219413370915177
2024-07-01,152,MS INNER BRISBANE CLUSTER,5023,593,0.118,11.81,8,25,Metro South,32072,3275,0.093,0.157,0.2437,0.03816173342247614417
2024-01-01,87,IPSWICH DENTAL CLINIC,5024,307,0.061,6.11,16,49,West Moreton,7983,494,0.058,0.629,0.0629,0.03956310488475198249
2024-04-01,39,MACKAY DENTAL CLINIC,5030,434,0.086,8.63,12,35,Mackay,6958,1010,0.127,0.723,0.0531,0.03841454101115014510
2023-04-01,155,BAYSIDE CLUSTER,5044,757,0.150,15.01,7,20,Metro South,25377,4168,0.141,0.199,0.2186,0.04345279117849758787
2023-10-01,156,KINGSTON LOGAN CLUSTER,5102,238,0.047,4.66,21,64,Metro South,29850,2055,0.064,0.171,0.2387,0.04079511290219407663
2023-10-01,87,IPSWICH DENTAL CLINIC,5123,32,0.006,0.62,167,500,West Moreton,8461,52,0.006,0.605,0.0677,0.04096302693021173159
2025-01-01,152,MS INNER BRISBANE CLUSTER,5138,587,0.114,11.42,9,26,Metro South,33040,3011,0.084,0.156,0.2357,0.03665679734598508900
2024-07-01,7,CABOOLTURE DENTAL CLINIC,5157,33,0.006,0.64,167,500,Metro North,17927,1967,0.099,0.288,0.1362,0.03917978484167021212
2023-10-01,39,MACKAY DENTAL CLINIC,5223,169,0.032,3.24,31,94,Mackay,7187,455,0.060,0.727,0.0575,0.04176261753981961236
2024-04-01,156,KINGSTON LOGAN CLUSTER,5390,242,0.045,4.49,22,67,Metro South,30747,2556,0.077,0.175,0.2348,0.04116389185886665648
2024-10-01,155,BAYSIDE CLUSTER,5406,740,0.137,13.69,7,22,Metro South,31074,3200,0.093,0.174,0.2281,0.03968114154848938607
2024-10-01,156,KINGSTON LOGAN CLUSTER,5444,344,0.063,6.32,16,48,Metro South,31074,3200,0.093,0.175,0.2281,0.03996006929152353269
2023-10-01,155,BAYSIDE CLUSTER,5465,393,0.072,7.19,14,42,Metro South,29850,2055,0.064,0.183,0.2387,0.04369762681507068381
2024-07-01,155,BAYSIDE CLUSTER,5495,724,0.132,13.18,8,23,Metro South,32072,3275,0.093,0.171,0.2437,0.04174770558560748800
2024-04-01,155,BAYSIDE CLUSTER,5511,431,0.078,7.82,13,38,Metro South,30747,2556,0.077,0.179,0.2348,0.04208797922712692836
2024-04-01,154,NATHAN INALA CLUSTER,5528,499,0.090,9.03,11,33,Metro South,30747,2556,0.077,0.180,0.2348,0.04221780968382465251
2023-10-01,154,NATHAN INALA CLUSTER,5535,425,0.077,7.68,13,39,Metro South,29850,2055,0.064,0.185,0.2387,0.04425734024179620035
2024-01-01,156,KINGSTON LOGAN CLUSTER,5559,371,0.067,6.67,15,45,Metro South,32274,2919,0.083,0.172,0.2542,0.04377613456495546788
2023-07-01,154,NATHAN INALA CLUSTER,5581,506,0.091,9.07,11,33,Metro South,29987,2873,0.087,0.186,0.2505,0.04662489557226399332
2025-04-01,152,MS INNER BRISBANE CLUSTER,5674,223,0.039,3.93,26,77,Metro South,36577,1454,0.038,0.155,0.2476,0.03841258665511265165
2024-07-01,156,KINGSTON LOGAN CLUSTER,5703,448,0.079,7.86,13,38,Metro South,32072,3275,0.093,0.178,0.2437,0.04332796450495350392
2025-01-01,155,BAYSIDE CLUSTER,5707,590,0.103,10.34,10,29,Metro South,33040,3011,0.084,0.173,0.2357,0.04071629864802197410
2024-10-01,154,NATHAN INALA CLUSTER,5746,588,0.102,10.23,10,29,Metro South,31074,3200,0.093,0.185,0.2281,0.04217681082826859274
2023-07-01,155,BAYSIDE CLUSTER,5787,563,0.097,9.73,10,31,Metro South,29987,2873,0.087,0.193,0.2505,0.04834586466165413534
2024-10-01,7,CABOOLTURE DENTAL CLINIC,5826,6,0.001,0.10,1000,3000,Metro North,20168,477,0.023,0.289,0.1480,0.04276402712939311195
2025-01-01,156,KINGSTON LOGAN CLUSTER,5839,416,0.071,7.12,14,42,Metro South,33040,3011,0.084,0.177,0.2357,0.04165804587450504762
2024-01-01,154,NATHAN INALA CLUSTER,5847,497,0.085,8.50,12,35,Metro South,32274,2919,0.083,0.181,0.2542,0.04604408325261640955
2024-07-01,154,NATHAN INALA CLUSTER,5853,634,0.108,10.83,9,28,Metro South,32072,3275,0.093,0.182,0.2437,0.04446757430255880387
2024-07-01,87,IPSWICH DENTAL CLINIC,5955,579,0.097,9.72,10,31,West Moreton,9226,985,0.096,0.645,0.0701,0.04524250896493040783
2024-01-01,155,BAYSIDE CLUSTER,5999,607,0.101,10.12,10,30,Metro South,32274,2919,0.083,0.186,0.2542,0.04724105617110412877
2024-04-01,87,IPSWICH DENTAL CLINIC,6022,170,0.028,2.82,36,107,West Moreton,9524,270,0.028,0.632,0.0727,0.04599053001374675424
2025-01-01,154,NATHAN INALA CLUSTER,6164,555,0.090,9.00,11,33,Metro South,33040,3011,0.084,0.187,0.2357,0.04397674169728534228
2025-04-01,155,BAYSIDE CLUSTER,6248,290,0.046,4.64,22,65,Metro South,36577,1454,0.038,0.171,0.2476,0.04229852686308492201
2025-01-01,7,CABOOLTURE DENTAL CLINIC,6342,9,0.001,0.14,1000,3000,Metro North,21169,811,0.037,0.300,0.1510,0.04524667356330039596
2024-10-01,87,IPSWICH DENTAL CLINIC,6449,273,0.042,4.23,24,71,West Moreton,10032,453,0.043,0.643,0.0736,0.04733697407440030535
2025-01-01,87,IPSWICH DENTAL CLINIC,6452,198,0.031,3.07,32,97,West Moreton,9953,312,0.030,0.648,0.0710,0.04603146291870295723
2025-04-01,156,KINGSTON LOGAN CLUSTER,6499,228,0.035,3.51,29,86,Metro South,36577,1454,0.038,0.178,0.2476,0.04399777946273830156
2023-10-01,144,GC SOUTHPORT HEALTH PREC,6510,802,0.123,12.32,8,24,Gold Coast,8498,1003,0.106,0.766,0.0679,0.05205334868547303780
2023-07-01,144,GC SOUTHPORT HEALTH PREC,6711,1181,0.176,17.60,6,17,Gold Coast,8685,1505,0.148,0.773,0.0726,0.05606516290726817043
2025-04-01,154,NATHAN INALA CLUSTER,6817,221,0.032,3.24,31,94,Metro South,36577,1454,0.038,0.186,0.2476,0.04615061741767764298
2025-04-01,7,CABOOLTURE DENTAL CLINIC,6860,549,0.080,8.00,13,38,Metro North,22727,2084,0.084,0.302,0.1539,0.04644172443674176776
2024-01-01,144,GC SOUTHPORT HEALTH PREC,7028,625,0.089,8.89,11,34,Gold Coast,8924,978,0.099,0.788,0.0703,0.05534424783639270162
2025-04-01,144,GC SOUTHPORT HEALTH PREC,7112,1190,0.167,16.73,6,18,Gold Coast,9652,1429,0.129,0.737,0.0653,0.04814774696707105719
2024-04-01,144,GC SOUTHPORT HEALTH PREC,7350,554,0.075,7.54,13,40,Gold Coast,9111,857,0.086,0.807,0.0696,0.05613257980754544066
2025-04-01,87,IPSWICH DENTAL CLINIC,7371,272,0.037,3.69,27,81,West Moreton,11456,456,0.038,0.643,0.0776,0.04990115901213171577
2024-07-01,144,GC SOUTHPORT HEALTH PREC,7798,578,0.074,7.41,14,41,Gold Coast,9576,1038,0.098,0.814,0.0728,0.05924451467817419316
2023-04-01,144,GC SOUTHPORT HEALTH PREC,7873,791,0.100,10.05,10,30,Gold Coast,9743,1155,0.106,0.808,0.0839,0.06782391454169538249
2025-01-01,144,GC SOUTHPORT HEALTH PREC,8006,630,0.079,7.87,13,38,Gold Coast,10387,973,0.086,0.771,0.0741,0.05711839617593550458
2024-10-01,144,GC SOUTHPORT HEALTH PREC,8081,561,0.069,6.94,14,43,Gold Coast,10069,993,0.090,0.803,0.0739,0.05931618661734049737
2023-04-01,157,BEENLEIGH BEAUDESERT CLUS,8328,1327,0.159,15.93,6,19,Metro South,25377,4168,0.141,0.328,0.2186,0.07174362508614748449
2023-10-01,157,BEENLEIGH BEAUDESERT CLUS,9439,737,0.078,7.81,13,38,Metro South,29850,2055,0.064,0.316,0.2387,0.07547335764088786541
2023-07-01,157,BEENLEIGH BEAUDESERT CLUS,9527,946,0.099,9.93,10,30,Metro South,29987,2873,0.087,0.318,0.2505,0.07959064327485380117
2024-10-01,157,BEENLEIGH BEAUDESERT CLUS,9572,1009,0.105,10.54,10,29,Metro South,31074,3200,0.093,0.308,0.2281,0.07026043042954872427
2024-04-01,157,BEENLEIGH BEAUDESERT CLUS,9673,791,0.082,8.18,12,37,Metro South,30747,2556,0.077,0.315,0.2348,0.07387352986100504048
2024-07-01,157,BEENLEIGH BEAUDESERT CLUS,9998,876,0.088,8.76,11,34,Metro South,32072,3275,0.093,0.312,0.2437,0.07595879170971859235
2024-01-01,157,BEENLEIGH BEAUDESERT CLUS,10163,922,0.091,9.07,11,33,Metro South,32274,2919,0.083,0.315,0.2542,0.08003181428020191043
2025-01-01,157,BEENLEIGH BEAUDESERT CLUS,10192,863,0.085,8.47,12,35,Metro South,33040,3011,0.084,0.308,0.2357,0.07271430100239004031
2025-04-01,157,BEENLEIGH BEAUDESERT CLUS,11339,492,0.043,4.34,23,70,Metro South,36577,1454,0.038,0.310,0.2476,0.07676424393414211438
